dataset_year,band_id,species,nest_site,plot_site,chick_order,hatch_date,fate,body_part,measurement(mm),obsv_date,Wave,Clutch size,Dead/Unhatched eggs,Hatched chicks,Fledged Chicks,Dead Chicks
2018,1332-91664,COTE,COTE # 2,Outside Plot 8,A,6/15/2018,1,Wing,18,6/15/2018,A,3,0,3,1,2
2018,1332-91664,COTE,COTE # 2,Outside Plot 8,A,6/15/2018,1,Weight,17,6/15/2018,A,3,0,3,1,2
2018,1332-91664,COTE,COTE # 2,Outside Plot 8,A,6/15/2018,1,Wing,30,6/21/2018,A,3,0,3,1,2
2018,1332-91664,COTE,COTE # 2,Outside Plot 8,A,6/15/2018,1,Weight,34,6/21/2018,A,3,0,3,1,2
2018,1332-91665,COTE,COTE # 2,Outside Plot 8,B,6/15/2018,1,Wing,17,6/15/2018,A,3,0,3,1,2
2018,1332-91665,COTE,COTE # 2,Outside Plot 8,B,6/15/2018,1,Weight,16,6/15/2018,A,3,0,3,1,2
2018,1332-91665,COTE,COTE # 2,Outside Plot 8,B,6/15/2018,1,Wing,28,6/21/2018,A,3,0,3,1,2
2018,1332-91665,COTE,COTE # 2,Outside Plot 8,B,6/15/2018,1,Weight,28,6/21/2018,A,3,0,3,1,2
2018,1332-91665,COTE,COTE # 2,Outside Plot 8,B,6/15/2018,1,Wing,36,6/25/2018,A,3,0,3,1,2
2018,1332-91665,COTE,COTE # 2,Outside Plot 8,B,6/15/2018,1,Weight,19,6/25/2018,A,3,0,3,1,2
2018,1332-91666,COTE,COTE # 2,Plot 8 (outside),C,6/15/2018,2,Wing,18,6/15/2018,A,3,0,3,1,2
2018,1332-91666,COTE,COTE # 2,Plot 8 (outside),C,6/15/2018,2,Weight,16,6/15/2018,A,3,0,3,1,2
2018,1332-91666,COTE,COTE # 2,Plot 8 (outside),C,6/15/2018,2,Wing,31,6/21/2018,A,3,0,3,1,2
2018,1332-91666,COTE,COTE # 2,Plot 8 (outside),C,6/15/2018,2,Weight,41,6/21/2018,A,3,0,3,1,2
2018,1332-91666,COTE,COTE # 2,Plot 8 (outside),C,6/15/2018,2,Wing,49,6/25/2018,A,3,0,3,1,2
2018,1332-91666,COTE,COTE # 2,Plot 8 (outside),C,6/15/2018,2,Weight,40,6/25/2018,A,3,0,3,1,2
2018,1332-91666,COTE,COTE # 2,Plot 8 (outside),C,6/15/2018,2,Wing,83,6/30/2018,A,3,0,3,1,2
2018,1332-91666,COTE,COTE # 2,Plot 8 (outside),C,6/15/2018,2,Weight,62,6/30/2018,A,3,0,3,1,2
2018,1332-91666,COTE,COTE # 2,Plot 8 (outside),C,6/15/2018,2,Wing,133,7/7/2018,A,3,0,3,1,2
2018,1332-91666,COTE,COTE # 2,Plot 8 (outside),C,6/15/2018,2,Weight,114,7/7/2018,A,3,0,3,1,2
2018,1332-91667,COTE,1-02,Plot 2,A,6/16/2018,2,Wing,18,6/17/2018,A,2,0,2,1,1
2018,1332-91667,COTE,1-02,Plot 2,A,6/16/2018,2,Weight,16,6/17/2018,A,2,0,2,1,1
2018,1332-91667,COTE,1-02,Plot 2,A,6/16/2018,2,Wing,26,6/21/2018,A,2,0,2,1,1
2018,1332-91667,COTE,1-02,Plot 2,A,6/16/2018,2,Weight,37,6/21/2018,A,2,0,2,1,1
2018,1332-91667,COTE,1-02,Plot 2,A,6/16/2018,2,Wing,40,6/23/2018,A,2,0,2,1,1
2018,1332-91667,COTE,1-02,Plot 2,A,6/16/2018,2,Weight,24,6/23/2018,A,2,0,2,1,1
2018,1332-91667,COTE,1-02,Plot 2,A,6/16/2018,2,Wing,46,6/25/2018,A,2,0,2,1,1
2018,1332-91667,COTE,1-02,Plot 2,A,6/16/2018,2,Weight,35,6/25/2018,A,2,0,2,1,1
2018,1332-91667,COTE,1-02,Plot 2,A,6/16/2018,2,Wing,63,6/27/2018,A,2,0,2,1,1
2018,1332-91667,COTE,1-02,Plot 2,A,6/16/2018,2,Weight,67,6/27/2018,A,2,0,2,1,1
2018,1332-91667,COTE,1-02,Plot 2,A,6/16/2018,2,Wing,83,6/30/2018,A,2,0,2,1,1
2018,1332-91667,COTE,1-02,Plot 2,A,6/16/2018,2,Weight,84,6/30/2018,A,2,0,2,1,1
2018,1332-91667,COTE,1-02,Plot 2,A,6/16/2018,2,Wing,106,7/3/2018,A,2,0,2,1,1
2018,1332-91667,COTE,1-02,Plot 2,A,6/16/2018,2,Weight,92,7/3/2018,A,2,0,2,1,1
2018,1332-91668,COTE,3N-02,Plot 3N,A,6/16/2018,3,Wing,18,6/17/2018,A,3,1,2,1,2
2018,1332-91668,COTE,3N-02,Plot 3N,A,6/16/2018,3,Weight,17,6/17/2018,A,3,1,2,1,2
2018,1332-91668,COTE,3N-02,Plot 3N,A,6/16/2018,3,Wing,27,6/21/2018,A,3,1,2,1,2
2018,1332-91668,COTE,3N-02,Plot 3N,A,6/16/2018,3,Weight,34,6/21/2018,A,3,1,2,1,2
2018,1332-91668,COTE,3N-02,Plot 3N,A,6/16/2018,3,Wing,38,6/23/2018,A,3,1,2,1,2
2018,1332-91668,COTE,3N-02,Plot 3N,A,6/16/2018,3,Weight,35,6/23/2018,A,3,1,2,1,2
2018,1332-91668,COTE,3N-02,Plot 3N,A,6/16/2018,3,Wing,38,6/25/2018,A,3,1,2,1,2
2018,1332-91668,COTE,3N-02,Plot 3N,A,6/16/2018,3,Weight,22,6/25/2018,A,3,1,2,1,2
2018,1332-91668,COTE,3N-02,Plot 3N,A,6/16/2018,3,Wing,49,6/27/2018,A,3,1,2,1,2
2018,1332-91668,COTE,3N-02,Plot 3N,A,6/16/2018,3,Weight,60,6/27/2018,A,3,1,2,1,2
2018,1332-91668,COTE,3N-02,Plot 3N,A,6/16/2018,3,Wing,65,6/30/2018,A,3,1,2,1,2
2018,1332-91668,COTE,3N-02,Plot 3N,A,6/16/2018,3,Weight,70,6/30/2018,A,3,1,2,1,2
2018,1332-91668,COTE,3N-02,Plot 3N,A,6/16/2018,3,Wing,88,7/3/2018,A,3,1,2,1,2
2018,1332-91668,COTE,3N-02,Plot 3N,A,6/16/2018,3,Weight,90,7/3/2018,A,3,1,2,1,2
2018,1332-91668,COTE,3N-02,Plot 3N,A,6/16/2018,3,Wing,113,7/7/2018,A,3,1,2,1,2
2018,1332-91668,COTE,3N-02,Plot 3N,A,6/16/2018,3,Weight,80,7/7/2018,A,3,1,2,1,2
2018,1332-91669,COTE,3N-02,Plot 3N,B,6/16/2018,1,Wing,17,6/17/2018,A,3,1,2,1,2
2018,1332-91669,COTE,3N-02,Plot 3N,B,6/16/2018,1,Weight,16,6/17/2018,A,3,1,2,1,2
2018,1332-91669,COTE,3N-02,Plot 3N,B,6/16/2018,1,Wing,22,6/21/2018,A,3,1,2,1,2
2018,1332-91669,COTE,3N-02,Plot 3N,B,6/16/2018,1,Weight,24,6/21/2018,A,3,1,2,1,2
2018,1332-91669,COTE,3N-02,Plot 3N,B,6/16/2018,1,Wing,26,6/23/2018,A,3,1,2,1,2
2018,1332-91669,COTE,3N-02,Plot 3N,B,6/16/2018,1,Weight,22,6/23/2018,A,3,1,2,1,2
2018,1332-91670,COTE,COTE # 1,Outside Plot 5,B,6/16/2018,1,Wing,19,6/17/2018,A,3,1,2,0,3
2018,1332-91670,COTE,COTE # 1,Outside Plot 5,B,6/16/2018,1,Weight,15,6/17/2018,A,3,1,2,0,3
2018,1332-91670,COTE,COTE # 1,Outside Plot 5,B,6/16/2018,1,Wing,19,6/21/2018,A,3,1,2,0,3
2018,1332-91670,COTE,COTE # 1,Outside Plot 5,B,6/16/2018,1,Weight,19,6/21/2018,A,3,1,2,0,3
2018,1332-91663,COTE,COTE # 1,Outside Plot 5,A,6/15/2018,1,Wing,16,6/15/2018,A,3,1,2,0,3
2018,1332-91663,COTE,COTE # 1,Outside Plot 5,A,6/15/2018,1,Weight,18,6/15/2018,A,3,1,2,0,3
2018,1332-91663,COTE,COTE # 1,Outside Plot 5,A,6/15/2018,1,Wing,28,6/21/2018,A,3,1,2,0,3
2018,1332-91663,COTE,COTE # 1,Outside Plot 5,A,6/15/2018,1,Weight,36,6/21/2018,A,3,1,2,0,3
2018,1332-91663,COTE,COTE # 1,Outside Plot 5,A,6/15/2018,1,Wing,37,6/23/2018,A,3,1,2,0,3
2018,1332-91663,COTE,COTE # 1,Outside Plot 5,A,6/15/2018,1,Weight,29,6/23/2018,A,3,1,2,0,3
2018,1332-91663,COTE,COTE # 1,Outside Plot 5,A,6/15/2018,1,Wing,40,6/25/2018,A,3,1,2,0,3
2018,1332-91663,COTE,COTE # 1,Outside Plot 5,A,6/15/2018,1,Weight,30,6/25/2018,A,3,1,2,0,3
2018,1332-91671,COTE,1-06,Plot 6,A,6/17/2018,,Wing,18,6/17/2018,A,2,0,2,0,2
2018,1332-91671,COTE,1-06,Plot 6,A,6/17/2018,,Weight,15,6/17/2018,A,2,0,2,0,2
2018,1332-91671,COTE,1-06,Plot 6,A,6/17/2018,,Wing,25,6/21/2018,A,2,0,2,0,2
2018,1332-91671,COTE,1-06,Plot 6,A,6/17/2018,,Weight,24,6/21/2018,A,2,0,2,0,2
2018,1332-91671,COTE,1-06,Plot 6,A,6/17/2018,,Wing,31,6/23/2018,A,2,0,2,0,2
2018,1332-91671,COTE,1-06,Plot 6,A,6/17/2018,,Weight,34,6/23/2018,A,2,0,2,0,2
2018,1332-91674,COTE,1-02,Plot 2,B,6/17/2018,1,Wing,17,6/18/2018,A,2,0,2,1,1
2018,1332-91674,COTE,1-02,Plot 2,B,6/17/2018,1,Weight,16,6/18/2018,A,2,0,2,1,1
2018,1332-91675,COTE,3N-01,Plot 3N,A,6/17/2018,1,Wing,17,6/18/2018,A,2,1,1,0,2
2018,1332-91675,COTE,3N-01,Plot 3N,A,6/17/2018,1,Weight,13,6/18/2018,A,2,1,1,0,2
2018,1332-91675,COTE,3N-01,Plot 3N,A,6/17/2018,1,Wing,27,6/21/2018,A,2,1,1,0,2
2018,1332-91675,COTE,3N-01,Plot 3N,A,6/17/2018,1,Weight,30,6/21/2018,A,2,1,1,0,2
2018,1332-91675,COTE,3N-01,Plot 3N,A,6/17/2018,1,Wing,39,6/23/2018,A,2,1,1,0,2
2018,1332-91675,COTE,3N-01,Plot 3N,A,6/17/2018,1,Weight,30,6/23/2018,A,2,1,1,0,2
2018,1332-91676,COTE,4N-01,Plot 4N,A,6/18/2018,3,Wing,16,6/18/2018,A,2,0,2,1,1
2018,1332-91676,COTE,4N-01,Plot 4N,A,6/18/2018,3,Weight,11,6/18/2018,A,2,0,2,1,1
2018,1332-91676,COTE,4N-01,Plot 4N,A,6/18/2018,3,Wing,19,6/21/2018,A,2,0,2,1,1
2018,1332-91676,COTE,4N-01,Plot 4N,A,6/18/2018,3,Weight,25,6/21/2018,A,2,0,2,1,1
2018,1332-91676,COTE,4N-01,Plot 4N,A,6/18/2018,3,Wing,28,6/23/2018,A,2,0,2,1,1
2018,1332-91676,COTE,4N-01,Plot 4N,A,6/18/2018,3,Weight,20,6/23/2018,A,2,0,2,1,1
2018,1332-91676,COTE,4N-01,Plot 4N,A,6/18/2018,3,Wing,35,6/25/2018,A,2,0,2,1,1
2018,1332-91676,COTE,4N-01,Plot 4N,A,6/18/2018,3,Weight,26,6/25/2018,A,2,0,2,1,1
2018,1332-91676,COTE,4N-01,Plot 4N,A,6/18/2018,3,Wing,47,6/27/2018,A,2,0,2,1,1
2018,1332-91676,COTE,4N-01,Plot 4N,A,6/18/2018,3,Weight,55,6/27/2018,A,2,0,2,1,1
2018,1332-91676,COTE,4N-01,Plot 4N,A,6/18/2018,3,Wing,62,6/30/2018,A,2,0,2,1,1
2018,1332-91676,COTE,4N-01,Plot 4N,A,6/18/2018,3,Weight,61,6/30/2018,A,2,0,2,1,1
2018,1332-91676,COTE,4N-01,Plot 4N,A,6/18/2018,3,Wing,83,7/3/2018,A,2,0,2,1,1
2018,1332-91676,COTE,4N-01,Plot 4N,A,6/18/2018,3,Weight,88,7/3/2018,A,2,0,2,1,1
2018,1332-91676,COTE,4N-01,Plot 4N,A,6/18/2018,3,Wing,117,7/7/2018,A,2,0,2,1,1
2018,1332-91676,COTE,4N-01,Plot 4N,A,6/18/2018,3,Weight,102,7/7/2018,A,2,0,2,1,1
2018,1332-91677,COTE,4S-01,Plot 4S,A,6/17/2018,3,Wing,14,6/18/2018,A,2,0,2,1,1
2018,1332-91677,COTE,4S-01,Plot 4S,A,6/17/2018,3,Weight,14,6/18/2018,A,2,0,2,1,1
2018,1332-91677,COTE,4S-01,Plot 4S,A,6/17/2018,3,Wing,22,6/21/2018,A,2,0,2,1,1
2018,1332-91677,COTE,4S-01,Plot 4S,A,6/17/2018,3,Weight,21,6/21/2018,A,2,0,2,1,1
2018,1332-91677,COTE,4S-01,Plot 4S,A,6/17/2018,3,Wing,23,6/23/2018,A,2,0,2,1,1
2018,1332-91677,COTE,4S-01,Plot 4S,A,6/17/2018,3,Weight,11,6/23/2018,A,2,0,2,1,1
2018,1332-91677,COTE,4S-01,Plot 4S,A,6/17/2018,3,Wing,18,6/25/2018,A,2,0,2,1,1
2018,1332-91677,COTE,4S-01,Plot 4S,A,6/17/2018,3,Weight,20,6/25/2018,A,2,0,2,1,1
2018,1332-91677,COTE,4S-01,Plot 4S,A,6/17/2018,3,Wing,28,6/27/2018,A,2,0,2,1,1
2018,1332-91677,COTE,4S-01,Plot 4S,A,6/17/2018,3,Weight,30,6/27/2018,A,2,0,2,1,1
2018,1332-91677,COTE,4S-01,Plot 4S,A,6/17/2018,3,Wing,35,6/30/2018,A,2,0,2,1,1
2018,1332-91677,COTE,4S-01,Plot 4S,A,6/17/2018,3,Weight,40,6/30/2018,A,2,0,2,1,1
2018,1332-91677,COTE,4S-01,Plot 4S,A,6/17/2018,3,Wing,45,7/3/2018,A,2,0,2,1,1
2018,1332-91677,COTE,4S-01,Plot 4S,A,6/17/2018,3,Weight,60,7/3/2018,A,2,0,2,1,1
2018,1332-91677,COTE,4S-01,Plot 4S,A,6/17/2018,3,Wing,78,7/7/2018,A,2,0,2,1,1
2018,1332-91677,COTE,4S-01,Plot 4S,A,6/17/2018,3,Weight,76,7/7/2018,A,2,0,2,1,1
2018,1332-91678,COTE,4S-01,Plot 4S,B,6/18/2018,1,Wing,14,6/18/2018,A,2,0,2,1,1
2018,1332-91678,COTE,4S-01,Plot 4S,B,6/18/2018,1,Weight,12,6/18/2018,A,2,0,2,1,1
2018,1332-91678,COTE,4S-01,Plot 4S,B,6/18/2018,1,Wing,17,6/21/2018,A,2,0,2,1,1
2018,1332-91678,COTE,4S-01,Plot 4S,B,6/18/2018,1,Weight,15,6/21/2018,A,2,0,2,1,1
2018,1332-91678,COTE,4S-01,Plot 4S,B,6/18/2018,1,Wing,17,6/23/2018,A,2,0,2,1,1
2018,1332-91678,COTE,4S-01,Plot 4S,B,6/18/2018,1,Weight,7,6/23/2018,A,2,0,2,1,1
2018,1332-91679,COTE,1-06,Plot 6,B,6/18/2018,1,Wing,15,6/18/2018,A,2,0,2,0,2
2018,1332-91679,COTE,1-06,Plot 6,B,6/18/2018,1,Weight,11,6/18/2018,A,2,0,2,0,2
2018,1332-91679,COTE,1-06,Plot 6,B,6/18/2018,1,Wing,17,6/21/2018,A,2,0,2,0,2
2018,1332-91679,COTE,1-06,Plot 6,B,6/18/2018,1,Weight,12,6/21/2018,A,2,0,2,0,2
2018,1332-91684,COTE,3-02,Plot 2,A,6/19/2018,3,Wing,19,6/21/2018,A,2,1,1,1,1
2018,1332-91684,COTE,3-02,Plot 2,A,6/19/2018,3,Weight,15,6/21/2018,A,2,1,1,1,1
2018,1332-91684,COTE,3-02,Plot 2,A,6/19/2018,3,Wing,24,6/23/2018,A,2,1,1,1,1
2018,1332-91684,COTE,3-02,Plot 2,A,6/19/2018,3,Weight,16,6/23/2018,A,2,1,1,1,1
2018,1332-91684,COTE,3-02,Plot 2,A,6/19/2018,3,Wing,29,6/25/2018,A,2,1,1,1,1
2018,1332-91684,COTE,3-02,Plot 2,A,6/19/2018,3,Weight,45,6/25/2018,A,2,1,1,1,1
2018,1332-91684,COTE,3-02,Plot 2,A,6/19/2018,3,Wing,41,6/27/2018,A,2,1,1,1,1
2018,1332-91684,COTE,3-02,Plot 2,A,6/19/2018,3,Weight,50,6/27/2018,A,2,1,1,1,1
2018,1332-91684,COTE,3-02,Plot 2,A,6/19/2018,3,Wing,58,6/30/2018,A,2,1,1,1,1
2018,1332-91684,COTE,3-02,Plot 2,A,6/19/2018,3,Weight,72,6/30/2018,A,2,1,1,1,1
2018,1332-91684,COTE,3-02,Plot 2,A,6/19/2018,3,Wing,75,7/3/2018,A,2,1,1,1,1
2018,1332-91684,COTE,3-02,Plot 2,A,6/19/2018,3,Weight,73,7/3/2018,A,2,1,1,1,1
2018,1332-91684,COTE,3-02,Plot 2,A,6/19/2018,3,Wing,107,7/7/2018,A,2,1,1,1,1
2018,1332-91684,COTE,3-02,Plot 2,A,6/19/2018,3,Weight,94,7/7/2018,A,2,1,1,1,1
2018,1332-91685,COTE,5-02,Plot 2,A,6/20/2018,3,Wing,18,6/21/2018,A,3,0,2,1,2
2018,1332-91685,COTE,5-02,Plot 2,A,6/20/2018,3,Weight,14,6/21/2018,A,3,0,2,1,2
2018,1332-91685,COTE,5-02,Plot 2,A,6/20/2018,3,Wing,18,6/23/2018,A,3,0,2,1,2
2018,1332-91685,COTE,5-02,Plot 2,A,6/20/2018,3,Weight,11,6/23/2018,A,3,0,2,1,2
2018,1332-91685,COTE,5-02,Plot 2,A,6/20/2018,3,Wing,21,6/25/2018,A,3,0,2,1,2
2018,1332-91685,COTE,5-02,Plot 2,A,6/20/2018,3,Weight,24,6/25/2018,A,3,0,2,1,2
2018,1332-91685,COTE,5-02,Plot 2,A,6/20/2018,3,Wing,30,6/27/2018,A,3,0,2,1,2
2018,1332-91685,COTE,5-02,Plot 2,A,6/20/2018,3,Weight,46,6/27/2018,A,3,0,2,1,2
2018,1332-91685,COTE,5-02,Plot 2,A,6/20/2018,3,Wing,40,6/30/2018,A,3,0,2,1,2
2018,1332-91685,COTE,5-02,Plot 2,A,6/20/2018,3,Weight,44,6/30/2018,A,3,0,2,1,2
2018,1332-91685,COTE,5-02,Plot 2,A,6/20/2018,3,Wing,56,7/3/2018,A,3,0,2,1,2
2018,1332-91685,COTE,5-02,Plot 2,A,6/20/2018,3,Weight,72,7/3/2018,A,3,0,2,1,2
2018,1332-91685,COTE,5-02,Plot 2,A,6/20/2018,3,Wing,88,7/7/2018,A,3,0,2,1,2
2018,1332-91685,COTE,5-02,Plot 2,A,6/20/2018,3,Weight,83,7/7/2018,A,3,0,2,1,2
2018,1332-91688,COTE,4N-01,Plot 4N,B,6/19/2018,1,Wing,15,6/21/2018,A,2,0,2,1,1
2018,1332-91688,COTE,4N-01,Plot 4N,B,6/19/2018,1,Weight,17,6/21/2018,A,2,0,2,1,1
2018,1332-91688,COTE,4N-01,Plot 4N,B,6/19/2018,1,Wing,18,6/23/2018,A,2,0,2,1,1
2018,1332-91688,COTE,4N-01,Plot 4N,B,6/19/2018,1,Weight,19,6/23/2018,A,2,0,2,1,1
2018,1332-91688,COTE,4N-01,Plot 4N,B,6/19/2018,1,Wing,27,6/25/2018,A,2,0,2,1,1
2018,1332-91688,COTE,4N-01,Plot 4N,B,6/19/2018,1,Weight,11,6/25/2018,A,2,0,2,1,1
2018,1332-91689,COTE,4N-02,Plot 4N,A,6/18/2018,3,Wing,18,6/21/2018,A,2,0,2,1,1
2018,1332-91689,COTE,4N-02,Plot 4N,A,6/18/2018,3,Weight,19,6/21/2018,A,2,0,2,1,1
2018,1332-91689,COTE,4N-02,Plot 4N,A,6/18/2018,3,Wing,22,6/23/2018,A,2,0,2,1,1
2018,1332-91689,COTE,4N-02,Plot 4N,A,6/18/2018,3,Weight,21,6/23/2018,A,2,0,2,1,1
2018,1332-91689,COTE,4N-02,Plot 4N,A,6/18/2018,3,Wing,25,6/25/2018,A,2,0,2,1,1
2018,1332-91689,COTE,4N-02,Plot 4N,A,6/18/2018,3,Weight,25,6/25/2018,A,2,0,2,1,1
2018,1332-91689,COTE,4N-02,Plot 4N,A,6/18/2018,3,Wing,33,6/27/2018,A,2,0,2,1,1
2018,1332-91689,COTE,4N-02,Plot 4N,A,6/18/2018,3,Weight,42,6/27/2018,A,2,0,2,1,1
2018,1332-91689,COTE,4N-02,Plot 4N,A,6/18/2018,3,Wing,42,6/30/2018,A,2,0,2,1,1
2018,1332-91689,COTE,4N-02,Plot 4N,A,6/18/2018,3,Weight,50,6/30/2018,A,2,0,2,1,1
2018,1332-91689,COTE,4N-02,Plot 4N,A,6/18/2018,3,Wing,60,7/3/2018,A,2,0,2,1,1
2018,1332-91689,COTE,4N-02,Plot 4N,A,6/18/2018,3,Weight,59,7/3/2018,A,2,0,2,1,1
2018,1332-91689,COTE,4N-02,Plot 4N,A,6/18/2018,3,Wing,99,7/7/2018,A,2,0,2,1,1
2018,1332-91689,COTE,4N-02,Plot 4N,A,6/18/2018,3,Weight,92,7/7/2018,A,2,0,2,1,1
2018,1332-91690,COTE,4N-02,Plot 4N,B,6/19/2018,1,Wing,18,6/21/2018,A,2,0,2,1,1
2018,1332-91690,COTE,4N-02,Plot 4N,B,6/19/2018,1,Weight,19,6/21/2018,A,2,0,2,1,1
2018,1332-91690,COTE,4N-02,Plot 4N,B,6/19/2018,1,Wing,21,6/23/2018,A,2,0,2,1,1
2018,1332-91690,COTE,4N-02,Plot 4N,B,6/19/2018,1,Weight,14,6/23/2018,A,2,0,2,1,1
2018,1332-91690,COTE,4N-02,Plot 4N,B,6/19/2018,1,Wing,23,6/25/2018,A,2,0,2,1,1
2018,1332-91690,COTE,4N-02,Plot 4N,B,6/19/2018,1,Weight,21,6/25/2018,A,2,0,2,1,1
2018,1332-91690,COTE,4N-02,Plot 4N,B,6/19/2018,1,Wing,25,6/27/2018,A,2,0,2,1,1
2018,1332-91690,COTE,4N-02,Plot 4N,B,6/19/2018,1,Weight,24,6/27/2018,A,2,0,2,1,1
2018,1332-91691,COTE,4S-02,Plot 4S,A,6/19/2018,3,Wing,19,6/21/2018,A,2,0,2,1,1
2018,1332-91691,COTE,4S-02,Plot 4S,A,6/19/2018,3,Weight,13,6/21/2018,A,2,0,2,1,1
2018,1332-91691,COTE,4S-02,Plot 4S,A,6/19/2018,3,Wing,17,6/23/2018,A,2,0,2,1,1
2018,1332-91691,COTE,4S-02,Plot 4S,A,6/19/2018,3,Weight,16,6/23/2018,A,2,0,2,1,1
2018,1332-91691,COTE,4S-02,Plot 4S,A,6/19/2018,3,Wing,19,6/25/2018,A,2,0,2,1,1
2018,1332-91691,COTE,4S-02,Plot 4S,A,6/19/2018,3,Weight,22,6/25/2018,A,2,0,2,1,1
2018,1332-91691,COTE,4S-02,Plot 4S,A,6/19/2018,3,Wing,28,6/27/2018,A,2,0,2,1,1
2018,1332-91691,COTE,4S-02,Plot 4S,A,6/19/2018,3,Weight,43,6/27/2018,A,2,0,2,1,1
2018,1332-91691,COTE,4S-02,Plot 4S,A,6/19/2018,3,Wing,45,6/30/2018,A,2,0,2,1,1
2018,1332-91691,COTE,4S-02,Plot 4S,A,6/19/2018,3,Weight,55,6/30/2018,A,2,0,2,1,1
2018,1332-91691,COTE,4S-02,Plot 4S,A,6/19/2018,3,Wing,70,7/3/2018,A,2,0,2,1,1
2018,1332-91691,COTE,4S-02,Plot 4S,A,6/19/2018,3,Weight,84,7/3/2018,A,2,0,2,1,1
2018,1332-91691,COTE,4S-02,Plot 4S,A,6/19/2018,3,Wing,97,7/7/2018,A,2,0,2,1,1
2018,1332-91691,COTE,4S-02,Plot 4S,A,6/19/2018,3,Weight,110,7/7/2018,A,2,0,2,1,1
2018,1332-91693,COTE,2-05,Plot 5,A,6/19/2018,,Wing,19,6/21/2018,A,3,0,3,0,3
2018,1332-91693,COTE,2-05,Plot 5,A,6/19/2018,,Weight,17,6/21/2018,A,3,0,3,0,3
2018,1332-91693,COTE,2-05,Plot 5,A,6/19/2018,,Wing,21,6/23/2018,A,3,0,3,0,3
2018,1332-91693,COTE,2-05,Plot 5,A,6/19/2018,,Weight,18,6/23/2018,A,3,0,3,0,3
2018,1332-91693,COTE,2-05,Plot 5,A,6/19/2018,,Wing,24,6/25/2018,A,3,0,3,0,3
2018,1332-91693,COTE,2-05,Plot 5,A,6/19/2018,,Weight,27,6/25/2018,A,3,0,3,0,3
2018,1332-91693,COTE,2-05,Plot 5,A,6/19/2018,,Wing,29,6/27/2018,A,3,0,3,0,3
2018,1332-91693,COTE,2-05,Plot 5,A,6/19/2018,,Weight,37,6/27/2018,A,3,0,3,0,3
2018,1332-91694,COTE,2-05,Plot 5,B,6/20/2018,1,Wing,18,6/21/2018,A,3,0,3,0,3
2018,1332-91694,COTE,2-05,Plot 5,B,6/20/2018,1,Weight,14,6/21/2018,A,3,0,3,0,3
2018,1332-91694,COTE,2-05,Plot 5,B,6/20/2018,1,Wing,18,6/23/2018,A,3,0,3,0,3
2018,1332-91694,COTE,2-05,Plot 5,B,6/20/2018,1,Weight,8,6/23/2018,A,3,0,3,0,3
2018,1332-91696,COTE,1-05,Plot 5,A,6/19/2018,3,Wing,17,6/21/2018,A,2,0,2,1,1
2018,1332-91696,COTE,1-05,Plot 5,A,6/19/2018,3,Weight,16,6/21/2018,A,2,0,2,1,1
2018,1332-91696,COTE,1-05,Plot 5,A,6/19/2018,3,Wing,18,6/23/2018,A,2,0,2,1,1
2018,1332-91696,COTE,1-05,Plot 5,A,6/19/2018,3,Weight,15,6/23/2018,A,2,0,2,1,1
2018,1332-91696,COTE,1-05,Plot 5,A,6/19/2018,3,Wing,19,6/25/2018,A,2,0,2,1,1
2018,1332-91696,COTE,1-05,Plot 5,A,6/19/2018,3,Weight,27,6/25/2018,A,2,0,2,1,1
2018,1332-91696,COTE,1-05,Plot 5,A,6/19/2018,3,Wing,33,6/27/2018,A,2,0,2,1,1
2018,1332-91696,COTE,1-05,Plot 5,A,6/19/2018,3,Weight,38,6/27/2018,A,2,0,2,1,1
2018,1332-91696,COTE,1-05,Plot 5,A,6/19/2018,3,Wing,43,6/30/2018,A,2,0,2,1,1
2018,1332-91696,COTE,1-05,Plot 5,A,6/19/2018,3,Weight,48,6/30/2018,A,2,0,2,1,1
2018,1332-91696,COTE,1-05,Plot 5,A,6/19/2018,3,Wing,56,7/3/2018,A,2,0,2,1,1
2018,1332-91696,COTE,1-05,Plot 5,A,6/19/2018,3,Weight,54,7/3/2018,A,2,0,2,1,1
2018,1332-91696,COTE,1-05,Plot 5,A,6/19/2018,3,Wing,74,7/7/2018,A,2,0,2,1,1
2018,1332-91696,COTE,1-05,Plot 5,A,6/19/2018,3,Weight,41,7/7/2018,A,2,0,2,1,1
2018,1332-91697,COTE,1-05,Plot 5,B,6/20/2018,,Wing,16,6/21/2018,A,2,0,2,1,1
2018,1332-91697,COTE,1-05,Plot 5,B,6/20/2018,,Weight,13,6/21/2018,A,2,0,2,1,1
2018,1332-91697,COTE,1-05,Plot 5,B,6/20/2018,,Wing,15,6/23/2018,A,2,0,2,1,1
2018,1332-91697,COTE,1-05,Plot 5,B,6/20/2018,,Weight,11,6/23/2018,A,2,0,2,1,1
2018,1332-91697,COTE,1-05,Plot 5,B,6/20/2018,,Wing,18,6/25/2018,A,2,0,2,1,1
2018,1332-91697,COTE,1-05,Plot 5,B,6/20/2018,,Weight,10,6/25/2018,A,2,0,2,1,1
2018,1332-91699,COTE,3-06,Plot 6,B,6/18/2018,1,Wing,18,6/21/2018,A,2,0,2,0,2
2018,1332-91699,COTE,3-06,Plot 6,B,6/18/2018,1,Weight,15,6/21/2018,A,2,0,2,0,2
2018,1332-91699,COTE,3-06,Plot 6,B,6/18/2018,1,Wing,18,6/23/2018,A,2,0,2,0,2
2018,1332-91699,COTE,3-06,Plot 6,B,6/18/2018,1,Weight,11,6/23/2018,A,2,0,2,0,2
2018,1332-91700,COTE,3-06,Plot 6,A,6/18/2018,1,Wing,19,6/21/2018,A,2,0,2,0,2
2018,1332-91700,COTE,3-06,Plot 6,A,6/18/2018,1,Weight,16,6/21/2018,A,2,0,2,0,2
2018,1332-91700,COTE,3-06,Plot 6,A,6/18/2018,1,Wing,26,6/23/2018,A,2,0,2,0,2
2018,1332-91700,COTE,3-06,Plot 6,A,6/18/2018,1,Weight,21,6/23/2018,A,2,0,2,0,2
2018,1332-91700,COTE,3-06,Plot 6,A,6/18/2018,1,Wing,28,6/25/2018,A,2,0,2,0,2
2018,1332-91700,COTE,3-06,Plot 6,A,6/18/2018,1,Weight,37,6/25/2018,A,2,0,2,0,2
2018,1332-91700,COTE,3-06,Plot 6,A,6/18/2018,1,Wing,30,6/27/2018,A,2,0,2,0,2
2018,1332-91700,COTE,3-06,Plot 6,A,6/18/2018,1,Weight,51,6/27/2018,A,2,0,2,0,2
2018,1392-03001,COTE,2-06,Plot 6,A,6/18/2018,1,Wing,20,6/21/2018,A,2,0,2,0,2
2018,1392-03001,COTE,2-06,Plot 6,A,6/18/2018,1,Weight,20,6/21/2018,A,2,0,2,0,2
2018,1392-03001,COTE,2-06,Plot 6,A,6/18/2018,1,Wing,21,6/23/2018,A,2,0,2,0,2
2018,1392-03001,COTE,2-06,Plot 6,A,6/18/2018,1,Weight,24,6/23/2018,A,2,0,2,0,2
2018,1392-03001,COTE,2-06,Plot 6,A,6/18/2018,1,Wing,27,6/25/2018,A,2,0,2,0,2
2018,1392-03001,COTE,2-06,Plot 6,A,6/18/2018,1,Weight,31,6/25/2018,A,2,0,2,0,2
2018,1392-03003,COTE,2-06,Plot 6,B,6/18/2018,1,Wing,19,6/21/2018,A,2,0,2,0,2
2018,1392-03003,COTE,2-06,Plot 6,B,6/18/2018,1,Weight,14,6/21/2018,A,2,0,2,0,2
2018,1392-03003,COTE,2-06,Plot 6,B,6/18/2018,1,Wing,17,6/23/2018,A,2,0,2,0,2
2018,1392-03003,COTE,2-06,Plot 6,B,6/18/2018,1,Weight,11,6/23/2018,A,2,0,2,0,2
2018,1392-03004,COTE,1-08,Plot 8,A,6/20/2018,2,Wing,14,6/21/2018,A,2,0,2,1,1
2018,1392-03004,COTE,1-08,Plot 8,A,6/20/2018,2,Weight,13,6/21/2018,A,2,0,2,1,1
2018,1392-03004,COTE,1-08,Plot 8,A,6/20/2018,2,Wing,20,6/25/2018,A,2,0,2,1,1
2018,1392-03004,COTE,1-08,Plot 8,A,6/20/2018,2,Weight,28,6/25/2018,A,2,0,2,1,1
2018,1392-03004,COTE,1-08,Plot 8,A,6/20/2018,2,Wing,28,6/27/2018,A,2,0,2,1,1
2018,1392-03004,COTE,1-08,Plot 8,A,6/20/2018,2,Weight,34,6/27/2018,A,2,0,2,1,1
2018,1392-03004,COTE,1-08,Plot 8,A,6/20/2018,2,Wing,36,6/30/2018,A,2,0,2,1,1
2018,1392-03004,COTE,1-08,Plot 8,A,6/20/2018,2,Weight,46,6/30/2018,A,2,0,2,1,1
2018,1392-03004,COTE,1-08,Plot 8,A,6/20/2018,2,Wing,50,7/3/2018,A,2,0,2,1,1
2018,1392-03004,COTE,1-08,Plot 8,A,6/20/2018,2,Weight,52,7/3/2018,A,2,0,2,1,1
2018,1392-03004,COTE,1-08,Plot 8,A,6/20/2018,2,Wing,84,7/7/2018,A,2,0,2,1,1
2018,1392-03004,COTE,1-08,Plot 8,A,6/20/2018,2,Weight,79,7/7/2018,A,2,0,2,1,1
2018,1392-03024,COTE,5-02,Plot 2,B,6/22/2018,,Wing,16,6/23/2018,A,3,0,2,1,2
2018,1392-03024,COTE,5-02,Plot 2,B,6/22/2018,,Weight,16,6/23/2018,A,3,0,2,1,2
2018,1392-03024,COTE,5-02,Plot 2,B,6/22/2018,,Wing,19,6/25/2018,A,3,0,2,1,2
2018,1392-03024,COTE,5-02,Plot 2,B,6/22/2018,,Weight,19,6/25/2018,A,3,0,2,1,2
2018,1392-03025,COTE,6-02,Plot 2,A,6/22/2018,3,Wing,15,6/23/2018,A,1,0,1,1,0
2018,1392-03025,COTE,6-02,Plot 2,A,6/22/2018,3,Weight,12,6/23/2018,A,1,0,1,1,0
2018,1392-03025,COTE,6-02,Plot 2,A,6/22/2018,3,Wing,19,6/25/2018,A,1,0,1,1,0
2018,1392-03025,COTE,6-02,Plot 2,A,6/22/2018,3,Weight,14,6/25/2018,A,1,0,1,1,0
2018,1392-03025,COTE,6-02,Plot 2,A,6/22/2018,3,Wing,23,6/27/2018,A,1,0,1,1,0
2018,1392-03025,COTE,6-02,Plot 2,A,6/22/2018,3,Weight,33,6/27/2018,A,1,0,1,1,0
2018,1392-03025,COTE,6-02,Plot 2,A,6/22/2018,3,Wing,36,6/30/2018,A,1,0,1,1,0
2018,1392-03025,COTE,6-02,Plot 2,A,6/22/2018,3,Weight,42,6/30/2018,A,1,0,1,1,0
2018,1392-03025,COTE,6-02,Plot 2,A,6/22/2018,3,Wing,49,7/3/2018,A,1,0,1,1,0
2018,1392-03025,COTE,6-02,Plot 2,A,6/22/2018,3,Weight,70,7/3/2018,A,1,0,1,1,0
2018,1392-03025,COTE,6-02,Plot 2,A,6/22/2018,3,Wing,75,7/7/2018,A,1,0,1,1,0
2018,1392-03025,COTE,6-02,Plot 2,A,6/22/2018,3,Weight,60,7/7/2018,A,1,0,1,1,0
2018,1392-03021,ROST,R-13,Rost area 2,A,6/21/2018,2,Wing,17,6/22/2018,A,1,0,1,1,0
2018,1392-03021,ROST,R-13,Rost area 2,A,6/21/2018,2,Weight,17,6/22/2018,A,1,0,1,1,0
2018,1392-03021,ROST,R-13,Rost area 2,A,6/21/2018,2,Wing,19,6/26/2018,A,1,0,1,1,0
2018,1392-03021,ROST,R-13,Rost area 2,A,6/21/2018,2,Weight,24,6/26/2018,A,1,0,1,1,0
2018,1392-03022,ROST,R-12,Rost area 2,A,6/20/2018,2,Wing,20,6/22/2018,A,1,0,1,1,0
2018,1392-03022,ROST,R-12,Rost area 2,A,6/20/2018,2,Weight,22,6/22/2018,A,1,0,1,1,0
2018,1332-91672,ROST,R-15,Rost area 2/3,A,6/17/2018,2,Wing,18,6/18/2018,A,1,0,1,1,0
2018,1332-91672,ROST,R-15,Rost area 2/3,A,6/17/2018,2,Weight,16,6/18/2018,A,1,0,1,1,0
2018,1332-91672,ROST,R-15,Rost area 2/3,A,6/17/2018,2,Wing,25,6/22/2018,A,1,0,1,1,0
2018,1332-91672,ROST,R-15,Rost area 2/3,A,6/17/2018,2,Weight,35,6/22/2018,A,1,0,1,1,0
2018,1332-91672,ROST,R-15,Rost area 2/3,A,6/17/2018,2,Wing,53,6/26/2018,A,1,0,1,1,0
2018,1332-91672,ROST,R-15,Rost area 2/3,A,6/17/2018,2,Weight,66,6/26/2018,A,1,0,1,1,0
2018,1332-91672,ROST,R-15,Rost area 2/3,A,6/17/2018,2,Wing,68,6/29/2018,A,1,0,1,1,0
2018,1332-91672,ROST,R-15,Rost area 2/3,A,6/17/2018,2,Weight,74,6/29/2018,A,1,0,1,1,0
2018,1392-03023,ROST,R-19,Rost Area 2/3,?,6/21/2018,2,Wing,18,6/22/2018,A,2,0,2,2,0
2018,1392-03023,ROST,R-19,Rost Area 2/3,?,6/21/2018,2,Weight,13,6/22/2018,A,2,0,2,2,0
2018,1392-03023,ROST,R-19,Rost Area 2/3,?,6/21/2018,2,Wing,26,6/26/2018,A,2,0,2,2,0
2018,1392-03023,ROST,R-19,Rost Area 2/3,?,6/21/2018,2,Weight,37,6/26/2018,A,2,0,2,2,0
2018,1392-03023,ROST,R-19,Rost Area 2/3,?,6/21/2018,2,Wing,62,7/2/2018,A,2,0,2,2,0
2018,1392-03023,ROST,R-19,Rost Area 2/3,?,6/21/2018,2,Weight,79,7/2/2018,A,2,0,2,2,0
2018,1332-91673,ROST,R-16,Rost area 2/3,A,6/18/2018,2,Wing,19,6/18/2018,A,2,0,2,2,0
2018,1332-91673,ROST,R-16,Rost area 2/3,A,6/18/2018,2,Weight,12,6/18/2018,A,2,0,2,2,0
2018,1332-91673,ROST,R-16,Rost area 2/3,A,6/18/2018,2,Wing,25,6/22/2018,A,2,0,2,2,0
2018,1332-91673,ROST,R-16,Rost area 2/3,A,6/18/2018,2,Weight,34,6/22/2018,A,2,0,2,2,0
2018,1332-91673,ROST,R-16,Rost area 2/3,A,6/18/2018,2,Wing,35,6/24/2018,A,2,0,2,2,0
2018,1332-91673,ROST,R-16,Rost area 2/3,A,6/18/2018,2,Weight,38,6/24/2018,A,2,0,2,2,0
2018,1332-91673,ROST,R-16,Rost area 2/3,A,6/18/2018,2,Wing,82,7/2/2018,A,2,0,2,2,0
2018,1332-91673,ROST,R-16,Rost area 2/3,A,6/18/2018,2,Weight,86,7/2/2018,A,2,0,2,2,0
2018,1392-03026,ROST,R-26,Rost Area 8,B,6/23/2018,3,Wing,17,6/23/2018,A,2,0,2,2,0
2018,1392-03026,ROST,R-26,Rost Area 8,B,6/23/2018,3,Weight,10,6/23/2018,A,2,0,2,2,0
2018,1392-03026,ROST,R-26,Rost Area 8,B,6/23/2018,3,Wing,21,6/29/2018,A,2,0,2,2,0
2018,1392-03026,ROST,R-26,Rost Area 8,B,6/23/2018,3,Weight,23,6/29/2018,A,2,0,2,2,0
2018,1392-03038,ROST,R-59,Rost Area 1,B,6/23/2018,2,Wing,19,6/24/2018,A,2,0,2,2,0
2018,1392-03038,ROST,R-59,Rost Area 1,B,6/23/2018,2,Weight,17,6/24/2018,A,2,0,2,2,0
2018,1392-03038,ROST,R-59,Rost Area 1,B,6/23/2018,2,Wing,29,6/29/2018,A,2,0,2,2,0
2018,1392-03038,ROST,R-59,Rost Area 1,B,6/23/2018,2,Weight,40,6/29/2018,A,2,0,2,2,0
2018,1392-03038,ROST,R-59,Rost Area 1,B,6/23/2018,2,Wing,58,7/4/2018,A,2,0,2,2,0
2018,1392-03038,ROST,R-59,Rost Area 1,B,6/23/2018,2,Weight,88,7/4/2018,A,2,0,2,2,0
2018,1392-03039,ROST,R-05,Rost Area 1,A,6/24/2018,2,Wing,16,6/24/2018,A,1,0,1,1,0
2018,1392-03039,ROST,R-05,Rost Area 1,A,6/24/2018,2,Weight,17,6/24/2018,A,1,0,1,1,0
2018,1392-03039,ROST,R-05,Rost Area 1,A,6/24/2018,2,Wing,27,6/29/2018,A,1,0,1,1,0
2018,1392-03039,ROST,R-05,Rost Area 1,A,6/24/2018,2,Weight,40,6/29/2018,A,1,0,1,1,0
2018,1392-03039,ROST,R-05,Rost Area 1,A,6/24/2018,2,Wing,54,7/4/2018,A,1,0,1,1,0
2018,1392-03039,ROST,R-05,Rost Area 1,A,6/24/2018,2,Weight,78,7/4/2018,A,1,0,1,1,0
2018,1392-03006,ROST,R-08,Rost area 1,A,6/20/2018,2,Wing,18,6/21/2018,A,1,0,1,1,0
2018,1392-03006,ROST,R-08,Rost area 1,A,6/20/2018,2,Weight,14,6/21/2018,A,1,0,1,1,0
2018,1392-03006,ROST,R-08,Rost area 1,A,6/20/2018,2,Wing,30,6/26/2018,A,1,0,1,1,0
2018,1392-03006,ROST,R-08,Rost area 1,A,6/20/2018,2,Weight,47,6/26/2018,A,1,0,1,1,0
2018,1392-03006,ROST,R-08,Rost area 1,A,6/20/2018,2,Wing,54,7/2/2018,A,1,0,1,1,0
2018,1392-03006,ROST,R-08,Rost area 1,A,6/20/2018,2,Weight,63,7/2/2018,A,1,0,1,1,0
2018,1392-03040,ROST,R-09,Rost Area 1,A,6/24/2018,2,Wing,18,6/24/2018,A,1,0,1,1,0
2018,1392-03040,ROST,R-09,Rost Area 1,A,6/24/2018,2,Weight,16,6/24/2018,A,1,0,1,1,0
2018,1392-03040,ROST,R-09,Rost Area 1,A,6/24/2018,2,Wing,24,6/29/2018,A,1,0,1,1,0
2018,1392-03040,ROST,R-09,Rost Area 1,A,6/24/2018,2,Weight,37,6/29/2018,A,1,0,1,1,0
2018,1392-03040,ROST,R-09,Rost Area 1,A,6/24/2018,2,Wing,47,7/4/2018,A,1,0,1,1,0
2018,1392-03040,ROST,R-09,Rost Area 1,A,6/24/2018,2,Weight,62,7/4/2018,A,1,0,1,1,0
2018,1392-03008,ROST,R-06,Rost area 1,A,6/20/2018,2,Wing,17,6/21/2018,A,1,0,1,1,0
2018,1392-03008,ROST,R-06,Rost area 1,A,6/20/2018,2,Weight,15,6/21/2018,A,1,0,1,1,0
2018,1392-03008,ROST,R-06,Rost area 1,A,6/20/2018,2,Wing,29,6/26/2018,A,1,0,1,1,0
2018,1392-03008,ROST,R-06,Rost area 1,A,6/20/2018,2,Weight,47,6/26/2018,A,1,0,1,1,0
2018,1392-03008,ROST,R-06,Rost area 1,A,6/20/2018,2,Wing,65,7/2/2018,A,1,0,1,1,0
2018,1392-03008,ROST,R-06,Rost area 1,A,6/20/2018,2,Weight,78,7/2/2018,A,1,0,1,1,0
2018,1392-03007,ROST,R-04,Rost area 1,A,6/20/2018,2,Wing,18,6/21/2018,A,1,0,1,1,0
2018,1392-03007,ROST,R-04,Rost area 1,A,6/20/2018,2,Weight,15,6/21/2018,A,1,0,1,1,0
2018,1392-03007,ROST,R-04,Rost area 1,A,6/20/2018,2,Wing,31,6/26/2018,A,1,0,1,1,0
2018,1392-03007,ROST,R-04,Rost area 1,A,6/20/2018,2,Weight,46,6/26/2018,A,1,0,1,1,0
2018,1392-03007,ROST,R-04,Rost area 1,A,6/20/2018,2,Wing,66,7/2/2018,A,1,0,1,1,0
2018,1392-03007,ROST,R-04,Rost area 1,A,6/20/2018,2,Weight,80,7/2/2018,A,1,0,1,1,0
2018,1392-03041,ROST,R-11,Rost Area 2,A,6/24/2018,2,Wing,17,6/24/2018,A,1,0,1,1,0
2018,1392-03041,ROST,R-11,Rost Area 2,A,6/24/2018,2,Weight,19,6/24/2018,A,1,0,1,1,0
2018,1392-03041,ROST,R-11,Rost Area 2,A,6/24/2018,2,Wing,28,6/29/2018,A,1,0,1,1,0
2018,1392-03041,ROST,R-11,Rost Area 2,A,6/24/2018,2,Weight,33,6/29/2018,A,1,0,1,1,0
2018,1392-03009,ROST,R-59,Rost Area 1,A,6/21/2018,2,Wing,16,6/21/2018,A,2,0,2,2,0
2018,1392-03009,ROST,R-59,Rost Area 1,A,6/21/2018,2,Weight,13,6/21/2018,A,2,0,2,2,0
2018,1392-03009,ROST,R-59,Rost Area 1,A,6/21/2018,2,Wing,26,6/26/2018,A,2,0,2,2,0
2018,1392-03009,ROST,R-59,Rost Area 1,A,6/21/2018,2,Weight,34,6/26/2018,A,2,0,2,2,0
2018,1392-03009,ROST,R-59,Rost Area 1,A,6/21/2018,2,Wing,63,7/2/2018,A,2,0,2,2,0
2018,1392-03009,ROST,R-59,Rost Area 1,A,6/21/2018,2,Weight,102,7/2/2018,A,2,0,2,2,0
2018,1392-03042,ROST,R-17,Rost Area 2/3,A,6/22/2018,2,Wing,19,6/24/2018,A,1,0,1,1,0
2018,1392-03042,ROST,R-17,Rost Area 2/3,A,6/22/2018,2,Weight,20,6/24/2018,A,1,0,1,1,0
2018,1392-03042,ROST,R-17,Rost Area 2/3,A,6/22/2018,2,Wing,36,6/29/2018,A,1,0,1,1,0
2018,1392-03042,ROST,R-17,Rost Area 2/3,A,6/22/2018,2,Weight,58,6/29/2018,A,1,0,1,1,0
2018,1392-03042,ROST,R-17,Rost Area 2/3,A,6/22/2018,2,Wing,53,7/2/2018,A,1,0,1,1,0
2018,1392-03042,ROST,R-17,Rost Area 2/3,A,6/22/2018,2,Weight,83,7/2/2018,A,1,0,1,1,0
2018,1392-03010,ROST,R-54,Rost Area 6,A,6/21/2018,2,Wing,17,6/21/2018,A,1,0,1,1,0
2018,1392-03010,ROST,R-54,Rost Area 6,A,6/21/2018,2,Weight,15,6/21/2018,A,1,0,1,1,0
2018,1392-03010,ROST,R-54,Rost Area 6,A,6/21/2018,2,Wing,38,6/29/2018,A,1,0,1,1,0
2018,1392-03010,ROST,R-54,Rost Area 6,A,6/21/2018,2,Weight,55,6/29/2018,A,1,0,1,1,0
2018,1392-03043,ROST,R-32,Rost Area 9,A,6/20/2018,2,Wing,26,6/24/2018,A,2,0,2,1,1
2018,1392-03043,ROST,R-32,Rost Area 9,A,6/20/2018,2,Weight,42,6/24/2018,A,2,0,2,1,1
2018,1392-03043,ROST,R-32,Rost Area 9,A,6/20/2018,2,Wing,36,6/26/2018,A,2,0,2,1,1
2018,1392-03043,ROST,R-32,Rost Area 9,A,6/20/2018,2,Weight,58,6/26/2018,A,2,0,2,1,1
2018,1392-03043,ROST,R-32,Rost Area 9,A,6/20/2018,2,Wing,71,7/2/2018,A,2,0,2,1,1
2018,1392-03043,ROST,R-32,Rost Area 9,A,6/20/2018,2,Weight,86,7/2/2018,A,2,0,2,1,1
2018,1392-03011,ROST,R-26,Rost Area 8,A,6/21/2018,2,Wing,17,6/21/2018,A,2,0,2,2,0
2018,1392-03011,ROST,R-26,Rost Area 8,A,6/21/2018,2,Weight,10,6/21/2018,A,2,0,2,2,0
2018,1392-03011,ROST,R-26,Rost Area 8,A,6/21/2018,2,Wing,33,6/27/2018,A,2,0,2,2,0
2018,1392-03011,ROST,R-26,Rost Area 8,A,6/21/2018,2,Weight,58,6/27/2018,A,2,0,2,2,0
2018,1392-03011,ROST,R-26,Rost Area 8,A,6/21/2018,2,Wing,68,7/2/2018,A,2,0,2,2,0
2018,1392-03011,ROST,R-26,Rost Area 8,A,6/21/2018,2,Weight,79,7/2/2018,A,2,0,2,2,0
2018,1392-03048,ROST,R-28,Rost Area 8,A,6/24/2018,2,Wing,17,6/25/2018,A,2,0,2,2,0
2018,1392-03048,ROST,R-28,Rost Area 8,A,6/24/2018,2,Weight,17,6/25/2018,A,2,0,2,2,0
2018,1392-03048,ROST,R-28,Rost Area 8,A,6/24/2018,2,Wing,95,7/9/2018,A,2,0,2,2,0
2018,1392-03048,ROST,R-28,Rost Area 8,A,6/24/2018,2,Weight,107,7/9/2018,A,2,0,2,2,0
2018,1392-03012,ROST,R-29,Rost Area 9,A,6/21/2018,2,Wing,18,6/22/2018,A,1,0,1,1,0
2018,1392-03012,ROST,R-29,Rost Area 9,A,6/21/2018,2,Weight,8,6/22/2018,A,1,0,1,1,0
2018,1392-03012,ROST,R-29,Rost Area 9,A,6/21/2018,2,Wing,27,6/26/2018,A,1,0,1,1,0
2018,1392-03012,ROST,R-29,Rost Area 9,A,6/21/2018,2,Weight,48,6/26/2018,A,1,0,1,1,0
2018,1392-03012,ROST,R-29,Rost Area 9,A,6/21/2018,2,Wing,60,7/2/2018,A,1,0,1,1,0
2018,1392-03012,ROST,R-29,Rost Area 9,A,6/21/2018,2,Weight,82,7/2/2018,A,1,0,1,1,0
2018,1392-03049,ROST,R-22,Rost Area 6,A,6/23/2018,2,Wing,19,6/25/2018,A,2,0,2,2,0
2018,1392-03049,ROST,R-22,Rost Area 6,A,6/23/2018,2,Weight,22,6/25/2018,A,2,0,2,2,0
2018,1392-03049,ROST,R-22,Rost Area 6,A,6/23/2018,2,Wing,38,6/29/2018,A,2,0,2,2,0
2018,1392-03049,ROST,R-22,Rost Area 6,A,6/23/2018,2,Weight,48,6/29/2018,A,2,0,2,2,0
2018,1392-03013,ROST,R-32,Rost Area 9,B,6/21/2018,1,Wing,16,6/22/2018,A,2,0,2,1,1
2018,1392-03013,ROST,R-32,Rost Area 9,B,6/21/2018,1,Weight,12,6/22/2018,A,2,0,2,1,1
2018,1392-03050,ROST,R-22,Rost Area 6,B,6/25/2018,2,Wing,15,6/25/2018,A,2,0,2,2,0
2018,1392-03050,ROST,R-22,Rost Area 6,B,6/25/2018,2,Weight,14,6/25/2018,A,2,0,2,2,0
2018,1392-03050,ROST,R-22,Rost Area 6,B,6/25/2018,2,Wing,21,6/29/2018,A,2,0,2,2,0
2018,1392-03050,ROST,R-22,Rost Area 6,B,6/25/2018,2,Weight,33,6/29/2018,A,2,0,2,2,0
2018,1392-03050,ROST,R-22,Rost Area 6,B,6/25/2018,2,Wing,28,7/2/2018,A,2,0,2,2,0
2018,1392-03050,ROST,R-22,Rost Area 6,B,6/25/2018,2,Weight,54,7/2/2018,A,2,0,2,2,0
2018,1392-03014,ROST,R-35,Rost Area 9,A,6/21/2018,2,Wing,18,6/22/2018,A,1,0,1,1,0
2018,1392-03014,ROST,R-35,Rost Area 9,A,6/21/2018,2,Weight,20,6/22/2018,A,1,0,1,1,0
2018,1392-03014,ROST,R-35,Rost Area 9,A,6/21/2018,2,Wing,30,6/26/2018,A,1,0,1,1,0
2018,1392-03014,ROST,R-35,Rost Area 9,A,6/21/2018,2,Weight,40,6/26/2018,A,1,0,1,1,0
2018,1392-03014,ROST,R-35,Rost Area 9,A,6/21/2018,2,Wing,65,7/2/2018,A,1,0,1,1,0
2018,1392-03014,ROST,R-35,Rost Area 9,A,6/21/2018,2,Weight,78,7/2/2018,A,1,0,1,1,0
2018,1392-03051,ROST,R-20,Rost Area 4,A,6/24/2018,2,Wing,18,6/25/2018,A,1,0,1,1,0
2018,1392-03051,ROST,R-20,Rost Area 4,A,6/24/2018,2,Weight,23,6/25/2018,A,1,0,1,1,0
2018,1392-03051,ROST,R-20,Rost Area 4,A,6/24/2018,2,Wing,30,6/29/2018,A,1,0,1,1,0
2018,1392-03051,ROST,R-20,Rost Area 4,A,6/24/2018,2,Weight,40,6/29/2018,A,1,0,1,1,0
2018,1392-03051,ROST,R-20,Rost Area 4,A,6/24/2018,2,Wing,50,7/4/2018,A,1,0,1,1,0
2018,1392-03051,ROST,R-20,Rost Area 4,A,6/24/2018,2,Weight,71,7/4/2018,A,1,0,1,1,0
2018,1392-03015,ROST,R-21,Rost Area 5,A,6/21/2018,2,Wing,19,6/22/2018,A,2,1,1,1,1
2018,1392-03015,ROST,R-21,Rost Area 5,A,6/21/2018,2,Weight,18,6/22/2018,A,2,1,1,1,1
2018,1392-03015,ROST,R-21,Rost Area 5,A,6/21/2018,2,Wing,30,6/26/2018,A,2,1,1,1,1
2018,1392-03015,ROST,R-21,Rost Area 5,A,6/21/2018,2,Weight,26,6/26/2018,A,2,1,1,1,1
2018,1392-03015,ROST,R-21,Rost Area 5,A,6/21/2018,2,Wing,66,7/2/2018,A,2,1,1,1,1
2018,1392-03015,ROST,R-21,Rost Area 5,A,6/21/2018,2,Weight,93,7/2/2018,A,2,1,1,1,1
2018,1392-03062,ROST,R-10,Rost Area 1,A,6/25/2018,2,Wing,19,6/26/2018,A,1,0,1,1,0
2018,1392-03062,ROST,R-10,Rost Area 1,A,6/25/2018,2,Weight,17,6/26/2018,A,1,0,1,1,0
2018,1392-03062,ROST,R-10,Rost Area 1,A,6/25/2018,2,Wing,38,7/2/2018,A,1,0,1,1,0
2018,1392-03062,ROST,R-10,Rost Area 1,A,6/25/2018,2,Weight,55,7/2/2018,A,1,0,1,1,0
2018,1392-03062,ROST,R-10,Rost Area 1,A,6/25/2018,2,Wing,79,7/8/2018,A,1,0,1,1,0
2018,1392-03016,ROST,R-02,Rost area 5,A,6/21/2018,2,Wing,17,6/22/2018,A,1,0,1,1,0
2018,1392-03016,ROST,R-02,Rost area 5,A,6/21/2018,2,Weight,13,6/22/2018,A,1,0,1,1,0
2018,1392-03016,ROST,R-02,Rost area 5,A,6/21/2018,2,Wing,28,6/26/2018,A,1,0,1,1,0
2018,1392-03016,ROST,R-02,Rost area 5,A,6/21/2018,2,Weight,34,6/26/2018,A,1,0,1,1,0
2018,1392-03016,ROST,R-02,Rost area 5,A,6/21/2018,2,Wing,60,7/2/2018,A,1,0,1,1,0
2018,1392-03016,ROST,R-02,Rost area 5,A,6/21/2018,2,Weight,80,7/2/2018,A,1,0,1,1,0
2018,1392-03063,ROST,R-19,Rost Area 2/3,A,6/21/2018,2,Wing,40,6/26/2018,A,2,0,2,2,0
2018,1392-03063,ROST,R-19,Rost Area 2/3,A,6/21/2018,2,Weight,58,6/26/2018,A,2,0,2,2,0
2018,1392-03063,ROST,R-19,Rost Area 2/3,A,6/21/2018,2,Wing,79,7/2/2018,A,2,0,2,2,0
2018,1392-03063,ROST,R-19,Rost Area 2/3,A,6/21/2018,2,Weight,85,7/2/2018,A,2,0,2,2,0
2018,1392-03017,ROST,R-24,Rost Area 6,A,6/21/2018,2,Wing,18,6/22/2018,A,1,0,1,1,0
2018,1392-03017,ROST,R-24,Rost Area 6,A,6/21/2018,2,Weight,12,6/22/2018,A,1,0,1,1,0
2018,1392-03017,ROST,R-24,Rost Area 6,A,6/21/2018,2,Wing,30,6/27/2018,A,1,0,1,1,0
2018,1392-03017,ROST,R-24,Rost Area 6,A,6/21/2018,2,Weight,47,6/27/2018,A,1,0,1,1,0
2018,1392-03017,ROST,R-24,Rost Area 6,A,6/21/2018,2,Wing,57,7/2/2018,A,1,0,1,1,0
2018,1392-03017,ROST,R-24,Rost Area 6,A,6/21/2018,2,Weight,79,7/2/2018,A,1,0,1,1,0
2018,1392-03064,ROST,R-31,Rost Area 9,A,6/26/2018,,Wing,15,6/26/2018,A,1,0,1,0,1
2018,1392-03064,ROST,R-31,Rost Area 9,A,6/26/2018,,Weight,11,6/26/2018,A,1,0,1,0,1
2018,1392-03018,ROST,R-34,Rost Area 3/5,A,6/22/2018,2,Wing,17,6/22/2018,A,1,0,1,1,0
2018,1392-03018,ROST,R-34,Rost Area 3/5,A,6/22/2018,2,Weight,17,6/22/2018,A,1,0,1,1,0
2018,1392-03018,ROST,R-34,Rost Area 3/5,A,6/22/2018,2,Wing,33,6/29/2018,A,1,0,1,1,0
2018,1392-03018,ROST,R-34,Rost Area 3/5,A,6/22/2018,2,Weight,50,6/29/2018,A,1,0,1,1,0
2018,1392-03018,ROST,R-34,Rost Area 3/5,A,6/22/2018,2,Wing,95,7/8/2018,A,1,0,1,1,0
2018,1392-03071,ROST,R-36,Rost Area 6,A,6/29/2018,2,Wing,15,6/29/2018,A,1,0,1,1,0
2018,1392-03071,ROST,R-36,Rost Area 6,A,6/29/2018,2,Weight,12,6/29/2018,A,1,0,1,1,0
2018,1392-03071,ROST,R-36,Rost Area 6,A,6/29/2018,2,Wing,70,7/11/2018,A,1,0,1,1,0
2018,1392-03071,ROST,R-36,Rost Area 6,A,6/29/2018,2,Weight,74,7/11/2018,A,1,0,1,1,0
2018,1392-03019,ROST,R-18,Rost Area 2/3,A,6/22/2018,2,Wing,18,6/22/2018,A,1,0,1,1,0
2018,1392-03019,ROST,R-18,Rost Area 2/3,A,6/22/2018,2,Weight,12,6/22/2018,A,1,0,1,1,0
2018,1392-03019,ROST,R-18,Rost Area 2/3,A,6/22/2018,2,Wing,36,6/29/2018,A,1,0,1,1,0
2018,1392-03019,ROST,R-18,Rost Area 2/3,A,6/22/2018,2,Weight,54,6/29/2018,A,1,0,1,1,0
2018,1392-03019,ROST,R-18,Rost Area 2/3,A,6/22/2018,2,Wing,59,7/2/2018,A,1,0,1,1,0
2018,1392-03019,ROST,R-18,Rost Area 2/3,A,6/22/2018,2,Weight,74,7/2/2018,A,1,0,1,1,0
2018,1392-03072,ROST,R-28,Rost Area 8,B,6/28/2018,2,Wing,14,6/29/2018,A,2,0,2,2,0
2018,1392-03072,ROST,R-28,Rost Area 8,B,6/28/2018,2,Weight,8,6/29/2018,A,2,0,2,2,0
2018,1392-03072,ROST,R-28,Rost Area 8,B,6/28/2018,2,Wing,44,7/9/2018,A,2,0,2,2,0
2018,1392-03072,ROST,R-28,Rost Area 8,B,6/28/2018,2,Weight,65,7/9/2018,A,2,0,2,2,0
2018,1392-03073,ROST,R-43,Rost Area 1,A,6/27/2018,2,Wing,18,6/29/2018,A,1,0,1,1,0
2018,1392-03073,ROST,R-43,Rost Area 1,A,6/27/2018,2,Weight,22,6/29/2018,A,1,0,1,1,0
2018,1392-03073,ROST,R-43,Rost Area 1,A,6/27/2018,2,Wing,25,7/2/2018,A,1,0,1,1,0
2018,1392-03073,ROST,R-43,Rost Area 1,A,6/27/2018,2,Weight,40,7/2/2018,A,1,0,1,1,0
2018,1392-03073,ROST,R-43,Rost Area 1,A,6/27/2018,2,Wing,58,7/8/2018,A,1,0,1,1,0
2018,1392-03020,ROST,R-16,Rost area 2,B,6/21/2018,3,Wing,18,6/22/2018,A,2,0,2,2,0
2018,1392-03020,ROST,R-16,Rost area 2,B,6/21/2018,3,Weight,15,6/22/2018,A,2,0,2,2,0
2018,1392-03020,ROST,R-16,Rost area 2,B,6/21/2018,3,Wing,20,6/26/2018,A,2,0,2,2,0
2018,1392-03020,ROST,R-16,Rost area 2,B,6/21/2018,3,Weight,24,6/26/2018,A,2,0,2,2,0
2018,1392-03074,ROST,R-41,Rost Area 2/3,A,6/28/2018,2,Wing,15,6/29/2018,A,1,0,1,1,0
2018,1392-03074,ROST,R-41,Rost Area 2/3,A,6/28/2018,2,Weight,12,6/29/2018,A,1,0,1,1,0
2018,1392-03074,ROST,R-41,Rost Area 2/3,A,6/28/2018,2,Wing,23,7/4/2018,A,1,0,1,1,0
2018,1392-03074,ROST,R-41,Rost Area 2/3,A,6/28/2018,2,Weight,34,7/4/2018,A,1,0,1,1,0
2018,1392-03074,ROST,R-41,Rost Area 2/3,A,6/28/2018,2,Wing,45,7/8/2018,A,1,0,1,1,0
2018,1392-03075,ROST,R-46,Rost Area 3,A,6/29/2018,2,Wing,16,6/29/2018,A,1,0,1,1,0
2018,1392-03075,ROST,R-46,Rost Area 3,A,6/29/2018,2,Weight,18,6/29/2018,A,1,0,1,1,0
2018,1392-03075,ROST,R-46,Rost Area 3,A,6/29/2018,2,Wing,26,7/4/2018,A,1,0,1,1,0
2018,1392-03075,ROST,R-46,Rost Area 3,A,6/29/2018,2,Weight,36,7/4/2018,A,1,0,1,1,0
2018,1392-03075,ROST,R-46,Rost Area 3,A,6/29/2018,2,Wing,70,7/11/2018,A,1,0,1,1,0
2018,1392-03075,ROST,R-46,Rost Area 3,A,6/29/2018,2,Weight,64,7/11/2018,A,1,0,1,1,0
2018,1392-03090,ROST,R-60,ROST Area 8,A,7/2/2018,2,Wing,17,7/2/2018,A,1,0,1,1,0
2018,1392-03090,ROST,R-60,ROST Area 8,A,7/2/2018,2,Weight,15,7/2/2018,A,1,0,1,1,0
2018,1392-03090,ROST,R-60,ROST Area 8,A,7/2/2018,2,Wing,28,7/7/2018,A,1,0,1,1,0
2018,1392-03090,ROST,R-60,ROST Area 8,A,7/2/2018,2,Weight,40,7/7/2018,A,1,0,1,1,0
2018,1392-03091,ROST,R-38,ROST Area 6,A,7/1/2018,2,Wing,19,7/2/2018,A,2,1,1,1,1
2018,1392-03091,ROST,R-38,ROST Area 6,A,7/1/2018,2,Weight,24,7/2/2018,A,2,1,1,1,1
2018,1392-03091,ROST,R-38,ROST Area 6,A,7/1/2018,2,Wing,36,7/7/2018,A,2,1,1,1,1
2018,1392-03091,ROST,R-38,ROST Area 6,A,7/1/2018,2,Weight,51,7/7/2018,A,2,1,1,1,1
2018,1392-03091,ROST,R-38,ROST Area 6,A,7/1/2018,2,Wing,66,7/11/2018,A,2,1,1,1,1
2018,1392-03091,ROST,R-38,ROST Area 6,A,7/1/2018,2,Weight,73,7/11/2018,A,2,1,1,1,1
2018,1392-03092,ROST,R-37,ROST Area 6,A,7/1/2018,2,Wing,19,7/2/2018,A,1,0,1,1,0
2018,1392-03092,ROST,R-37,ROST Area 6,A,7/1/2018,2,Weight,18,7/2/2018,A,1,0,1,1,0
2018,1392-03093,ROST,R-40,ROST Area 4,A,6/29/2018,2,Wing,21,7/2/2018,A,1,0,1,1,0
2018,1392-03093,ROST,R-40,ROST Area 4,A,6/29/2018,2,Weight,32,7/2/2018,A,1,0,1,1,0
2018,1392-03094,ROST,R-45,ROST Area 3,A,7/1/2018,2,Wing,18,7/2/2018,A,1,0,1,1,0
2018,1392-03094,ROST,R-45,ROST Area 3,A,7/1/2018,2,Weight,17,7/2/2018,A,1,0,1,1,0
2018,1392-03094,ROST,R-45,ROST Area 3,A,7/1/2018,2,Wing,33,7/8/2018,A,1,0,1,1,0
2018,1392-03094,ROST,R-45,ROST Area 3,A,7/1/2018,2,Wing,50,7/11/2018,A,1,0,1,1,0
2018,1392-03094,ROST,R-45,ROST Area 3,A,7/1/2018,2,Weight,53,7/11/2018,A,1,0,1,1,0
2018,1392-03095,ROST,R-48,ROST Area 2/3,A,7/2/2018,2,Wing,15,7/2/2018,A,1,0,1,1,0
2018,1392-03095,ROST,R-48,ROST Area 2/3,A,7/2/2018,2,Weight,13,7/2/2018,A,1,0,1,1,0
2018,1392-03095,ROST,R-48,ROST Area 2/3,A,7/2/2018,2,Wing,31,7/8/2018,A,1,0,1,1,0
2018,1392-03100,ROST,R-47,Rost Area 2/3,A,7/4/2018,2,Wing,17,7/4/2018,A,1,0,1,1,0
2018,1392-03100,ROST,R-47,Rost Area 2/3,A,7/4/2018,2,Weight,14,7/4/2018,A,1,0,1,1,0
2018,1392-03100,ROST,R-47,Rost Area 2/3,A,7/4/2018,2,Wing,38,7/11/2018,A,1,0,1,1,0
2018,1392-03100,ROST,R-47,Rost Area 2/3,A,7/4/2018,2,Weight,54,7/11/2018,A,1,0,1,1,0
2018,1392-03107,ROST,R-51,Rost area 6,A,7/5/2018,2,Wing,17,7/5/2018,A,1,0,1,1,0
2018,1392-03107,ROST,R-51,Rost area 6,A,7/5/2018,2,Weight,14,7/5/2018,A,1,0,1,1,0
2018,1392-03107,ROST,R-51,Rost area 6,A,7/5/2018,2,Wing,34,7/11/2018,A,1,0,1,1,0
2018,1392-03107,ROST,R-51,Rost area 6,A,7/5/2018,2,Weight,49,7/11/2018,A,1,0,1,1,0
2018,1392-03117,ROST,R-52,ROST Area 6,A,7/6/2018,,Wing,17,7/7/2018,A,0,0,0,0,0
2018,1392-03117,ROST,R-52,ROST Area 6,A,7/6/2018,,Weight,11,7/7/2018,A,0,0,0,0,0
2018,1392-03118,ROST,R-53,ROST Area 6,A,7/9/2018,2,Wing,17,7/9/2018,A,2,0,2,1,1
2018,1392-03118,ROST,R-53,ROST Area 6,A,7/9/2018,2,Weight,16,7/9/2018,A,2,0,2,1,1
2018,1392-03124,ROST,R-53,ROST Area 6,B,7/11/2018,1,Wing,15,7/11/2018,A,2,0,2,1,1
2018,1392-03124,ROST,R-53,ROST Area 6,B,7/11/2018,1,Weight,10,7/11/2018,A,2,0,2,1,1
2018,1392-03044,COTE,D-01,Diet area,A,6/22/2018,2,Wing,19,6/24/2018,A,2,0,2,1,1
2018,1392-03044,COTE,D-01,Diet area,A,6/22/2018,2,Weight,17,6/24/2018,A,2,0,2,1,1
2018,1392-03044,COTE,D-01,Diet area,A,6/22/2018,2,Wing,45,7/3/2018,A,2,0,2,1,1
2018,1392-03044,COTE,D-01,Diet area,A,6/22/2018,2,Weight,43,7/3/2018,A,2,0,2,1,1
2018,1392-03044,COTE,D-01,Diet area,A,6/22/2018,2,Wing,72,7/7/2018,A,2,0,2,1,1
2018,1392-03044,COTE,D-01,Diet area,A,6/22/2018,2,Weight,51,7/7/2018,A,2,0,2,1,1
2018,1392-03046,COTE,D-02,Diet area,A,6/22/2018,1,Wing,18,6/24/2018,A,2,0,2,0,2
2018,1392-03046,COTE,D-02,Diet area,A,6/22/2018,1,Weight,12,6/24/2018,A,2,0,2,0,2
2018,1392-03047,COTE,D-02,Diet area,B,6/23/2018,,Wing,17,6/24/2018,A,2,0,2,0,2
2018,1392-03047,COTE,D-02,Diet area,B,6/23/2018,,Weight,15,6/24/2018,A,2,0,2,0,2
2018,1392-03052,COTE,7-02,Plot 2,B,6/24/2018,1,Wing,16,6/25/2018,A,2,0,2,1,1
2018,1392-03052,COTE,7-02,Plot 2,B,6/24/2018,1,Weight,13,6/25/2018,A,2,0,2,1,1
2018,1392-03052,COTE,7-02,Plot 2,B,6/24/2018,1,Wing,16,6/27/2018,A,2,0,2,1,1
2018,1392-03052,COTE,7-02,Plot 2,B,6/24/2018,1,Weight,19,6/27/2018,A,2,0,2,1,1
2018,1392-03053,COTE,7-02,Plot 2,A,6/23/2018,2,Wing,17,6/25/2018,A,2,0,2,1,1
2018,1392-03053,COTE,7-02,Plot 2,A,6/23/2018,2,Weight,18,6/25/2018,A,2,0,2,1,1
2018,1392-03053,COTE,7-02,Plot 2,A,6/23/2018,2,Wing,19,6/27/2018,A,2,0,2,1,1
2018,1392-03053,COTE,7-02,Plot 2,A,6/23/2018,2,Weight,25,6/27/2018,A,2,0,2,1,1
2018,1392-03053,COTE,7-02,Plot 2,A,6/23/2018,2,Wing,25,6/30/2018,A,2,0,2,1,1
2018,1392-03053,COTE,7-02,Plot 2,A,6/23/2018,2,Weight,38,6/30/2018,A,2,0,2,1,1
2018,1392-03053,COTE,7-02,Plot 2,A,6/23/2018,2,Wing,38,7/3/2018,A,2,0,2,1,1
2018,1392-03053,COTE,7-02,Plot 2,A,6/23/2018,2,Weight,59,7/3/2018,A,2,0,2,1,1
2018,1392-03053,COTE,7-02,Plot 2,A,6/23/2018,2,Wing,64,7/7/2018,A,2,0,2,1,1
2018,1392-03053,COTE,7-02,Plot 2,A,6/23/2018,2,Weight,61,7/7/2018,A,2,0,2,1,1
2018,1392-03053,COTE,7-02,Plot 2,A,6/23/2018,2,Wing,80,7/10/2018,A,2,0,2,1,1
2018,1392-03053,COTE,7-02,Plot 2,A,6/23/2018,2,Weight,68,7/10/2018,A,2,0,2,1,1
2018,1392-03053,COTE,7-02,Plot 2,A,6/23/2018,2,Wing,92,7/13/2018,A,2,0,2,1,1
2018,1392-03053,COTE,7-02,Plot 2,A,6/23/2018,2,Weight,65,7/13/2018,A,2,0,2,1,1
2018,1392-03054,COTE,8-02,Plot 2,A,6/24/2018,3,Wing,15,6/25/2018,A,2,0,2,1,1
2018,1392-03054,COTE,8-02,Plot 2,A,6/24/2018,3,Weight,16,6/25/2018,A,2,0,2,1,1
2018,1392-03054,COTE,8-02,Plot 2,A,6/24/2018,3,Wing,17,6/27/2018,A,2,0,2,1,1
2018,1392-03054,COTE,8-02,Plot 2,A,6/24/2018,3,Weight,20,6/27/2018,A,2,0,2,1,1
2018,1392-03054,COTE,8-02,Plot 2,A,6/24/2018,3,Wing,25,6/30/2018,A,2,0,2,1,1
2018,1392-03054,COTE,8-02,Plot 2,A,6/24/2018,3,Weight,30,6/30/2018,A,2,0,2,1,1
2018,1392-03054,COTE,8-02,Plot 2,A,6/24/2018,3,Wing,34,7/3/2018,A,2,0,2,1,1
2018,1392-03054,COTE,8-02,Plot 2,A,6/24/2018,3,Weight,25,7/3/2018,A,2,0,2,1,1
2018,1392-03054,COTE,8-02,Plot 2,A,6/24/2018,3,Wing,42,7/7/2018,A,2,0,2,1,1
2018,1392-03054,COTE,8-02,Plot 2,A,6/24/2018,3,Weight,34,7/7/2018,A,2,0,2,1,1
2018,1392-03054,COTE,8-02,Plot 2,A,6/24/2018,3,Wing,55,7/10/2018,A,2,0,2,1,1
2018,1392-03054,COTE,8-02,Plot 2,A,6/24/2018,3,Weight,40,7/10/2018,A,2,0,2,1,1
2018,1392-03055,COTE,3N-07,Plot 3N,B,6/24/2018,1,Wing,15,6/25/2018,A,2,0,2,0,2
2018,1392-03055,COTE,3N-07,Plot 3N,B,6/24/2018,1,Weight,12,6/25/2018,A,2,0,2,0,2
2018,1392-03056,COTE,3N-07,Plot 3N,A,6/24/2018,1,Wing,16,6/25/2018,A,2,0,2,0,2
2018,1392-03056,COTE,3N-07,Plot 3N,A,6/24/2018,1,Weight,14,6/25/2018,A,2,0,2,0,2
2018,1392-03056,COTE,3N-07,Plot 3N,A,6/24/2018,1,Wing,17,6/27/2018,A,2,0,2,0,2
2018,1392-03056,COTE,3N-07,Plot 3N,A,6/24/2018,1,Weight,16,6/27/2018,A,2,0,2,0,2
2018,1392-03031,COTE,4N-03,Plot 4N,A,6/22/2018,3,Wing,17,6/23/2018,A,2,0,2,1,1
2018,1392-03031,COTE,4N-03,Plot 4N,A,6/22/2018,3,Weight,12,6/23/2018,A,2,0,2,1,1
2018,1392-03031,COTE,4N-03,Plot 4N,A,6/22/2018,3,Wing,18,6/25/2018,A,2,0,2,1,1
2018,1392-03031,COTE,4N-03,Plot 4N,A,6/22/2018,3,Weight,17,6/25/2018,A,2,0,2,1,1
2018,1392-03031,COTE,4N-03,Plot 4N,A,6/22/2018,3,Wing,23,6/27/2018,A,2,0,2,1,1
2018,1392-03031,COTE,4N-03,Plot 4N,A,6/22/2018,3,Weight,33,6/27/2018,A,2,0,2,1,1
2018,1392-03031,COTE,4N-03,Plot 4N,A,6/22/2018,3,Wing,35,6/30/2018,A,2,0,2,1,1
2018,1392-03031,COTE,4N-03,Plot 4N,A,6/22/2018,3,Weight,46,6/30/2018,A,2,0,2,1,1
2018,1392-03031,COTE,4N-03,Plot 4N,A,6/22/2018,3,Wing,50,7/3/2018,A,2,0,2,1,1
2018,1392-03031,COTE,4N-03,Plot 4N,A,6/22/2018,3,Weight,65,7/3/2018,A,2,0,2,1,1
2018,1392-03031,COTE,4N-03,Plot 4N,A,6/22/2018,3,Wing,85,7/7/2018,A,2,0,2,1,1
2018,1392-03031,COTE,4N-03,Plot 4N,A,6/22/2018,3,Weight,113,7/7/2018,A,2,0,2,1,1
2018,1392-03030,COTE,4N-03,Plot 4N,B,6/22/2018,1,Wing,16,6/23/2018,A,2,0,2,1,1
2018,1392-03030,COTE,4N-03,Plot 4N,B,6/22/2018,1,Weight,10,6/23/2018,A,2,0,2,1,1
2018,1392-03030,COTE,4N-03,Plot 4N,B,6/22/2018,1,Wing,17,6/25/2018,A,2,0,2,1,1
2018,1392-03030,COTE,4N-03,Plot 4N,B,6/22/2018,1,Weight,14,6/25/2018,A,2,0,2,1,1
2018,1392-03030,COTE,4N-03,Plot 4N,B,6/22/2018,1,Wing,21,6/27/2018,A,2,0,2,1,1
2018,1392-03030,COTE,4N-03,Plot 4N,B,6/22/2018,1,Weight,23,6/27/2018,A,2,0,2,1,1
2018,1392-03057,COTE,4N-04,Plot 4N,A,6/25/2018,1,Wing,17,6/25/2018,A,2,1,1,0,2
2018,1392-03057,COTE,4N-04,Plot 4N,A,6/25/2018,1,Weight,9,6/25/2018,A,2,1,1,0,2
2018,1392-03057,COTE,4N-04,Plot 4N,A,6/25/2018,1,Wing,20,6/27/2018,A,2,1,1,0,2
2018,1392-03057,COTE,4N-04,Plot 4N,A,6/25/2018,1,Weight,15,6/27/2018,A,2,1,1,0,2
2018,1392-03028,COTE,5-06,Plot 6,A,6/21/2018,,Wing,18,6/23/2018,A,2,0,2,0,2
2018,1392-03028,COTE,5-06,Plot 6,A,6/21/2018,,Weight,12,6/23/2018,A,2,0,2,0,2
2018,1392-03028,COTE,5-06,Plot 6,A,6/21/2018,,Wing,18,6/25/2018,A,2,0,2,0,2
2018,1392-03028,COTE,5-06,Plot 6,A,6/21/2018,,Weight,16,6/25/2018,A,2,0,2,0,2
2018,1392-03028,COTE,5-06,Plot 6,A,6/21/2018,,Wing,23,6/27/2018,A,2,0,2,0,2
2018,1392-03028,COTE,5-06,Plot 6,A,6/21/2018,,Weight,24,6/27/2018,A,2,0,2,0,2
2018,1392-03028,COTE,5-06,Plot 6,A,6/21/2018,,Wing,23,6/30/2018,A,2,0,2,0,2
2018,1392-03028,COTE,5-06,Plot 6,A,6/21/2018,,Weight,22,6/30/2018,A,2,0,2,0,2
2018,1392-03029,COTE,5-06,Plot 6,B,6/22/2018,1,Wing,15,6/23/2018,A,2,0,2,0,2
2018,1392-03029,COTE,5-06,Plot 6,B,6/22/2018,1,Weight,12,6/23/2018,A,2,0,2,0,2
2018,1392-03029,COTE,5-06,Plot 6,B,6/22/2018,1,Wing,14,6/25/2018,A,2,0,2,0,2
2018,1392-03029,COTE,5-06,Plot 6,B,6/22/2018,1,Weight,10,6/25/2018,A,2,0,2,0,2
2018,1392-03029,COTE,5-06,Plot 6,B,6/22/2018,1,Wing,16,6/27/2018,A,2,0,2,0,2
2018,1392-03029,COTE,5-06,Plot 6,B,6/22/2018,1,Weight,14,6/27/2018,A,2,0,2,0,2
2018,1392-03059,COTE,6-06,Plot 6,A,6/24/2018,,Wing,15,6/25/2018,A,2,0,2,0,2
2018,1392-03059,COTE,6-06,Plot 6,A,6/24/2018,,Weight,12,6/25/2018,A,2,0,2,0,2
2018,1392-03060,COTE,4-06,Plot 6,A,6/23/2018,3,Wing,15,6/25/2018,A,2,0,2,1,1
2018,1392-03060,COTE,4-06,Plot 6,A,6/23/2018,3,Weight,13,6/25/2018,A,2,0,2,1,1
2018,1392-03060,COTE,4-06,Plot 6,A,6/23/2018,3,Wing,18,6/27/2018,A,2,0,2,1,1
2018,1392-03060,COTE,4-06,Plot 6,A,6/23/2018,3,Weight,22,6/27/2018,A,2,0,2,1,1
2018,1392-03060,COTE,4-06,Plot 6,A,6/23/2018,3,Wing,23,6/30/2018,A,2,0,2,1,1
2018,1392-03060,COTE,4-06,Plot 6,A,6/23/2018,3,Weight,32,6/30/2018,A,2,0,2,1,1
2018,1392-03060,COTE,4-06,Plot 6,A,6/23/2018,3,Wing,29,7/3/2018,A,2,0,2,1,1
2018,1392-03060,COTE,4-06,Plot 6,A,6/23/2018,3,Weight,43,7/3/2018,A,2,0,2,1,1
2018,1392-03060,COTE,4-06,Plot 6,A,6/23/2018,3,Wing,55,7/7/2018,A,2,0,2,1,1
2018,1392-03060,COTE,4-06,Plot 6,A,6/23/2018,3,Weight,46,7/7/2018,A,2,0,2,1,1
2018,1392-03060,COTE,4-06,Plot 6,A,6/23/2018,3,Wing,63,7/10/2018,A,2,0,2,1,1
2018,1392-03060,COTE,4-06,Plot 6,A,6/23/2018,3,Weight,43,7/10/2018,A,2,0,2,1,1
2018,1392-03061,COTE,4-06,Plot 6,B,6/24/2018,1,Wing,14,6/25/2018,A,2,0,2,1,1
2018,1392-03061,COTE,4-06,Plot 6,B,6/24/2018,1,Weight,11,6/25/2018,A,2,0,2,1,1
2018,1392-03061,COTE,4-06,Plot 6,B,6/24/2018,1,Wing,17,6/27/2018,A,2,0,2,1,1
2018,1392-03061,COTE,4-06,Plot 6,B,6/24/2018,1,Weight,24,6/27/2018,A,2,0,2,1,1
2018,1392-03061,COTE,4-06,Plot 6,B,6/24/2018,1,Wing,19,6/30/2018,A,2,0,2,1,1
2018,1392-03061,COTE,4-06,Plot 6,B,6/24/2018,1,Weight,21,6/30/2018,A,2,0,2,1,1
2018,1392-03027,COTE,1-08,Plot 8,B,6/22/2018,1,Wing,19,6/25/2018,A,2,0,2,1,1
2018,1392-03027,COTE,1-08,Plot 8,B,6/22/2018,1,Weight,14,6/25/2018,A,2,0,2,1,1
2018,1392-03027,COTE,1-08,Plot 8,B,6/22/2018,1,Wing,19,6/27/2018,A,2,0,2,1,1
2018,1392-03027,COTE,1-08,Plot 8,B,6/22/2018,1,Weight,24,6/27/2018,A,2,0,2,1,1
2018,1392-03058,COTE,6-06,Plot 6,B,6/25/2018,1,Wing,15,6/25/2018,A,2,0,2,0,2
2018,1392-03058,COTE,6-06,Plot 6,B,6/25/2018,1,Weight,12,6/25/2018,A,2,0,2,0,2
2018,1392-03058,COTE,6-06,Plot 6,B,6/25/2018,1,Wing,17,6/27/2018,A,2,0,2,0,2
2018,1392-03058,COTE,6-06,Plot 6,B,6/25/2018,1,Weight,12,6/27/2018,A,2,0,2,0,2
2018,1392-03065,COTE,3-05,Plot 5,A,6/26/2018,3,Wing,17,6/27/2018,A,4,3,1,1,3
2018,1392-03065,COTE,3-05,Plot 5,A,6/26/2018,3,Weight,10,6/27/2018,A,4,3,1,1,3
2018,1392-03065,COTE,3-05,Plot 5,A,6/26/2018,3,Wing,21,6/30/2018,A,4,3,1,1,3
2018,1392-03065,COTE,3-05,Plot 5,A,6/26/2018,3,Weight,20,6/30/2018,A,4,3,1,1,3
2018,1392-03065,COTE,3-05,Plot 5,A,6/26/2018,3,Wing,24,7/3/2018,A,4,3,1,1,3
2018,1392-03065,COTE,3-05,Plot 5,A,6/26/2018,3,Weight,43,7/3/2018,A,4,3,1,1,3
2018,1392-03065,COTE,3-05,Plot 5,A,6/26/2018,3,Wing,41,7/7/2018,A,4,3,1,1,3
2018,1392-03065,COTE,3-05,Plot 5,A,6/26/2018,3,Weight,44,7/7/2018,A,4,3,1,1,3
2018,1392-03065,COTE,3-05,Plot 5,A,6/26/2018,3,Wing,57,7/10/2018,A,4,3,1,1,3
2018,1392-03065,COTE,3-05,Plot 5,A,6/26/2018,3,Weight,63,7/10/2018,A,4,3,1,1,3
2018,1392-03065,COTE,3-05,Plot 5,A,6/26/2018,3,Wing,82,7/13/2018,A,4,3,1,1,3
2018,1392-03065,COTE,3-05,Plot 5,A,6/26/2018,3,Weight,71,7/13/2018,A,4,3,1,1,3
2018,1392-03066,COTE,3N-09,Plot 3N,A,6/26/2018,1,Wing,16,6/27/2018,A,1,0,1,0,1
2018,1392-03066,COTE,3N-09,Plot 3N,A,6/26/2018,1,Weight,16,6/27/2018,A,1,0,1,0,1
2018,1392-03066,COTE,3N-09,Plot 3N,A,6/26/2018,1,Wing,20,6/30/2018,A,1,0,1,0,1
2018,1392-03066,COTE,3N-09,Plot 3N,A,6/26/2018,1,Weight,26,6/30/2018,A,1,0,1,0,1
2018,1392-03066,COTE,3N-09,Plot 3N,A,6/26/2018,1,Wing,29,7/3/2018,A,1,0,1,0,1
2018,1392-03066,COTE,3N-09,Plot 3N,A,6/26/2018,1,Weight,50,7/3/2018,A,1,0,1,0,1
2018,1392-03066,COTE,3N-09,Plot 3N,A,6/26/2018,1,Wing,39,7/7/2018,A,1,0,1,0,1
2018,1392-03066,COTE,3N-09,Plot 3N,A,6/26/2018,1,Weight,47,7/7/2018,A,1,0,1,0,1
2018,1392-03066,COTE,3N-09,Plot 3N,A,6/26/2018,1,Wing,65,7/10/2018,A,1,0,1,0,1
2018,1392-03066,COTE,3N-09,Plot 3N,A,6/26/2018,1,Weight,47,7/10/2018,A,1,0,1,0,1
2018,1392-03068,COTE,8-02,Plot 2,B,6/26/2018,,Wing,18,6/27/2018,A,2,0,2,1,1
2018,1392-03068,COTE,8-02,Plot 2,B,6/26/2018,,Weight,17,6/27/2018,A,2,0,2,1,1
2018,1392-03068,COTE,8-02,Plot 2,B,6/26/2018,,Wing,19,6/30/2018,A,2,0,2,1,1
2018,1392-03068,COTE,8-02,Plot 2,B,6/26/2018,,Weight,21,6/30/2018,A,2,0,2,1,1
2018,1392-03068,COTE,8-02,Plot 2,B,6/26/2018,,Wing,23,7/3/2018,A,2,0,2,1,1
2018,1392-03068,COTE,8-02,Plot 2,B,6/26/2018,,Weight,24,7/3/2018,A,2,0,2,1,1
2018,1392-03068,COTE,8-02,Plot 2,B,6/26/2018,,Wing,28,7/7/2018,A,2,0,2,1,1
2018,1392-03068,COTE,8-02,Plot 2,B,6/26/2018,,Weight,25,7/7/2018,A,2,0,2,1,1
2018,1392-03069,COTE,11-02,Plot 2,A,6/26/2018,3,Wing,17,6/27/2018,A,2,0,2,1,1
2018,1392-03069,COTE,11-02,Plot 2,A,6/26/2018,3,Weight,18,6/27/2018,A,2,0,2,1,1
2018,1392-03069,COTE,11-02,Plot 2,A,6/26/2018,3,Wing,26,6/30/2018,A,2,0,2,1,1
2018,1392-03069,COTE,11-02,Plot 2,A,6/26/2018,3,Weight,28,6/30/2018,A,2,0,2,1,1
2018,1392-03069,COTE,11-02,Plot 2,A,6/26/2018,3,Wing,31,7/3/2018,A,2,0,2,1,1
2018,1392-03069,COTE,11-02,Plot 2,A,6/26/2018,3,Weight,35,7/3/2018,A,2,0,2,1,1
2018,1392-03069,COTE,11-02,Plot 2,A,6/26/2018,3,Wing,36,7/7/2018,A,2,0,2,1,1
2018,1392-03069,COTE,11-02,Plot 2,A,6/26/2018,3,Weight,32,7/7/2018,A,2,0,2,1,1
2018,1392-03069,COTE,11-02,Plot 2,A,6/26/2018,3,Wing,43,7/10/2018,A,2,0,2,1,1
2018,1392-03069,COTE,11-02,Plot 2,A,6/26/2018,3,Weight,32,7/10/2018,A,2,0,2,1,1
2018,1392-03069,COTE,11-02,Plot 2,A,6/26/2018,3,Wing,45,7/13/2018,A,2,0,2,1,1
2018,1392-03069,COTE,11-02,Plot 2,A,6/26/2018,3,Weight,28,7/13/2018,A,2,0,2,1,1
2018,1392-03070,COTE,11-02,Plot 2,B,6/27/2018,1,Wing,14,6/27/2018,A,2,0,2,1,1
2018,1392-03070,COTE,11-02,Plot 2,B,6/27/2018,1,Weight,14,6/27/2018,A,2,0,2,1,1
2018,1392-03070,COTE,11-02,Plot 2,B,6/27/2018,1,Wing,17,6/30/2018,A,2,0,2,1,1
2018,1392-03070,COTE,11-02,Plot 2,B,6/27/2018,1,Weight,19,6/30/2018,A,2,0,2,1,1
2018,1392-03070,COTE,11-02,Plot 2,B,6/27/2018,1,Wing,25,7/3/2018,A,2,0,2,1,1
2018,1392-03070,COTE,11-02,Plot 2,B,6/27/2018,1,Weight,38,7/3/2018,A,2,0,2,1,1
2018,1392-03070,COTE,11-02,Plot 2,B,6/27/2018,1,Wing,32,7/7/2018,A,2,0,2,1,1
2018,1392-03070,COTE,11-02,Plot 2,B,6/27/2018,1,Weight,35,7/7/2018,A,2,0,2,1,1
2018,1392-03077,COTE,9-02,Plot 2,A,6/27/2018,3,Wing,20,6/30/2018,A,1,0,1,1,0
2018,1392-03077,COTE,9-02,Plot 2,A,6/27/2018,3,Weight,24,6/30/2018,A,1,0,1,1,0
2018,1392-03077,COTE,9-02,Plot 2,A,6/27/2018,3,Wing,28,7/3/2018,A,1,0,1,1,0
2018,1392-03077,COTE,9-02,Plot 2,A,6/27/2018,3,Weight,40,7/3/2018,A,1,0,1,1,0
2018,1392-03077,COTE,9-02,Plot 2,A,6/27/2018,3,Wing,52,7/7/2018,A,1,0,1,1,0
2018,1392-03077,COTE,9-02,Plot 2,A,6/27/2018,3,Weight,61,7/7/2018,A,1,0,1,1,0
2018,1392-03077,COTE,9-02,Plot 2,A,6/27/2018,3,Wing,68,7/10/2018,A,1,0,1,1,0
2018,1392-03077,COTE,9-02,Plot 2,A,6/27/2018,3,Weight,62,7/10/2018,A,1,0,1,1,0
2018,1392-03077,COTE,9-02,Plot 2,A,6/27/2018,3,Wing,85,7/13/2018,A,1,0,1,1,0
2018,1392-03077,COTE,9-02,Plot 2,A,6/27/2018,3,Weight,58,7/13/2018,A,1,0,1,1,0
2018,1392-03078,COTE,3N-11,Plot 3N,A,6/29/2018,3,Wing,18,6/30/2018,A,1,0,1,1,0
2018,1392-03078,COTE,3N-11,Plot 3N,A,6/29/2018,3,Weight,28,6/30/2018,A,1,0,1,1,0
2018,1392-03078,COTE,3N-11,Plot 3N,A,6/29/2018,3,Wing,23,7/3/2018,A,1,0,1,1,0
2018,1392-03078,COTE,3N-11,Plot 3N,A,6/29/2018,3,Weight,29,7/3/2018,A,1,0,1,1,0
2018,1392-03078,COTE,3N-11,Plot 3N,A,6/29/2018,3,Wing,35,7/7/2018,A,1,0,1,1,0
2018,1392-03078,COTE,3N-11,Plot 3N,A,6/29/2018,3,Weight,41,7/7/2018,A,1,0,1,1,0
2018,1392-03078,COTE,3N-11,Plot 3N,A,6/29/2018,3,Wing,53,7/10/2018,A,1,0,1,1,0
2018,1392-03078,COTE,3N-11,Plot 3N,A,6/29/2018,3,Weight,55,7/10/2018,A,1,0,1,1,0
2018,1392-03078,COTE,3N-11,Plot 3N,A,6/29/2018,3,Wing,67,7/13/2018,A,1,0,1,1,0
2018,1392-03078,COTE,3N-11,Plot 3N,A,6/29/2018,3,Weight,46,7/13/2018,A,1,0,1,1,0
2018,1392-03079,COTE,4S-03,Plot 4S,A,6/28/2018,3,Wing,18,6/30/2018,A,1,0,1,1,0
2018,1392-03079,COTE,4S-03,Plot 4S,A,6/28/2018,3,Weight,18,6/30/2018,A,1,0,1,1,0
2018,1392-03079,COTE,4S-03,Plot 4S,A,6/28/2018,3,Wing,20,7/3/2018,A,1,0,1,1,0
2018,1392-03079,COTE,4S-03,Plot 4S,A,6/28/2018,3,Weight,29,7/3/2018,A,1,0,1,1,0
2018,1392-03079,COTE,4S-03,Plot 4S,A,6/28/2018,3,Wing,40,7/7/2018,A,1,0,1,1,0
2018,1392-03079,COTE,4S-03,Plot 4S,A,6/28/2018,3,Weight,47,7/7/2018,A,1,0,1,1,0
2018,1392-03079,COTE,4S-03,Plot 4S,A,6/28/2018,3,Wing,57,7/10/2018,A,1,0,1,1,0
2018,1392-03079,COTE,4S-03,Plot 4S,A,6/28/2018,3,Weight,71,7/10/2018,A,1,0,1,1,0
2018,1392-03080,COTE,4S-04,Plot 4S,A,6/29/2018,1,Wing,14,6/30/2018,A,1,0,1,0,1
2018,1392-03080,COTE,4S-04,Plot 4S,A,6/29/2018,1,Weight,13,6/30/2018,A,1,0,1,0,1
2018,1392-03080,COTE,4S-04,Plot 4S,A,6/29/2018,1,Wing,18,7/3/2018,A,1,0,1,0,1
2018,1392-03080,COTE,4S-04,Plot 4S,A,6/29/2018,1,Weight,13,7/3/2018,A,1,0,1,0,1
2018,1392-03081,COTE,4-05,Plot 5,A,6/28/2018,3,Wing,15,6/30/2018,A,1,0,1,1,0
2018,1392-03081,COTE,4-05,Plot 5,A,6/28/2018,3,Weight,13,6/30/2018,A,1,0,1,1,0
2018,1392-03081,COTE,4-05,Plot 5,A,6/28/2018,3,Wing,21,7/3/2018,A,1,0,1,1,0
2018,1392-03081,COTE,4-05,Plot 5,A,6/28/2018,3,Weight,25,7/3/2018,A,1,0,1,1,0
2018,1392-03081,COTE,4-05,Plot 5,A,6/28/2018,3,Wing,26,7/7/2018,A,1,0,1,1,0
2018,1392-03081,COTE,4-05,Plot 5,A,6/28/2018,3,Weight,33,7/7/2018,A,1,0,1,1,0
2018,1392-03081,COTE,4-05,Plot 5,A,6/28/2018,3,Wing,39,7/10/2018,A,1,0,1,1,0
2018,1392-03081,COTE,4-05,Plot 5,A,6/28/2018,3,Weight,37,7/10/2018,A,1,0,1,1,0
2018,1392-03081,COTE,4-05,Plot 5,A,6/28/2018,3,Wing,46,7/13/2018,A,1,0,1,1,0
2018,1392-03081,COTE,4-05,Plot 5,A,6/28/2018,3,Weight,45,7/13/2018,A,1,0,1,1,0
2018,1392-03082,COTE,2-08,Plot 8,A,6/29/2018,,Weight,15,6/30/2018,A,2,1,1,0,2
2018,1392-03096,COTE,5-05,Plot 5,A,7/2/2018,2,Wing,18,7/3/2018,A,2,0,2,1,1
2018,1392-03096,COTE,5-05,Plot 5,A,7/2/2018,2,Weight,14,7/3/2018,A,2,0,2,1,1
2018,1392-03096,COTE,5-05,Plot 5,A,7/2/2018,2,Wing,26,7/7/2018,A,2,0,2,1,1
2018,1392-03096,COTE,5-05,Plot 5,A,7/2/2018,2,Weight,25,7/7/2018,A,2,0,2,1,1
2018,1392-03096,COTE,5-05,Plot 5,A,7/2/2018,2,Wing,35,7/10/2018,A,2,0,2,1,1
2018,1392-03096,COTE,5-05,Plot 5,A,7/2/2018,2,Weight,45,7/10/2018,A,2,0,2,1,1
2018,1392-03096,COTE,5-05,Plot 5,A,7/2/2018,2,Wing,51,7/13/2018,A,2,0,2,1,1
2018,1392-03096,COTE,5-05,Plot 5,A,7/2/2018,2,Weight,51,7/13/2018,A,2,0,2,1,1
2018,1392-03096,COTE,5-05,Plot 5,A,7/2/2018,2,Wing,97,7/23/2018,A,2,0,2,1,1
2018,1392-03096,COTE,5-05,Plot 5,A,7/2/2018,2,Weight,64,7/23/2018,A,2,0,2,1,1
2018,1392-03122,COTE,D-05,Diet Area,A,7/8/2018,1,Wing,16,7/10/2018,A,1,0,1,0,1
2018,1392-03122,COTE,D-05,Diet Area,A,7/8/2018,1,Weight,15,7/10/2018,A,1,0,1,0,1
2018,1392-03122,COTE,D-05,Diet Area,A,7/8/2018,1,Wing,28,7/13/2018,A,1,0,1,0,1
2018,1392-03122,COTE,D-05,Diet Area,A,7/8/2018,1,Weight,26,7/13/2018,A,1,0,1,0,1
2018,1392-03123,COTE,D-06,Diet Area,A,7/9/2018,,Wing,15,7/10/2018,A,2,0,2,0,2
2018,1392-03123,COTE,D-06,Diet Area,A,7/9/2018,,Weight,10,7/10/2018,A,2,0,2,0,2
2018,1392-03123,COTE,D-06,Diet Area,A,7/9/2018,,Wing,18,7/13/2018,A,2,0,2,0,2
2018,1392-03123,COTE,D-06,Diet Area,A,7/9/2018,,Weight,28,7/13/2018,A,2,0,2,0,2
2018,1392-03098,COTE,3N-08,Plot 3N,A,6/30/2018,3,Wing,18,7/3/2018,A,2,0,2,1,1
2018,1392-03098,COTE,3N-08,Plot 3N,A,6/30/2018,3,Weight,20,7/3/2018,A,2,0,2,1,1
2018,1392-03098,COTE,3N-08,Plot 3N,A,6/30/2018,3,Wing,26,7/7/2018,A,2,0,2,1,1
2018,1392-03098,COTE,3N-08,Plot 3N,A,6/30/2018,3,Weight,34,7/7/2018,A,2,0,2,1,1
2018,1392-03098,COTE,3N-08,Plot 3N,A,6/30/2018,3,Wing,35,7/10/2018,A,2,0,2,1,1
2018,1392-03098,COTE,3N-08,Plot 3N,A,6/30/2018,3,Weight,37,7/10/2018,A,2,0,2,1,1
2018,1392-03098,COTE,3N-08,Plot 3N,A,6/30/2018,3,Wing,54,7/13/2018,A,2,0,2,1,1
2018,1392-03098,COTE,3N-08,Plot 3N,A,6/30/2018,3,Weight,59,7/13/2018,A,2,0,2,1,1
2018,1392-03120,COTE,4N-05,Plot 4N,A,7/8/2018,2,Wing,19,7/10/2018,A,2,0,2,1,1
2018,1392-03120,COTE,4N-05,Plot 4N,A,7/8/2018,2,Weight,19,7/10/2018,A,2,0,2,1,1
2018,1392-03120,COTE,4N-05,Plot 4N,A,7/8/2018,2,Wing,25,7/13/2018,A,2,0,2,1,1
2018,1392-03120,COTE,4N-05,Plot 4N,A,7/8/2018,2,Weight,30,7/13/2018,A,2,0,2,1,1
2018,1392-03120,COTE,4N-05,Plot 4N,A,7/8/2018,2,Wing,66,7/23/2018,A,2,0,2,1,1
2018,1392-03120,COTE,4N-05,Plot 4N,A,7/8/2018,2,Weight,67,7/23/2018,A,2,0,2,1,1
2018,1392-03139,COTE,7-06,Plot 6,A,7/12/2018,,Wing,15,7/13/2018,A,0,0,0,0,0
2018,1392-03139,COTE,7-06,Plot 6,A,7/12/2018,,Weight,15,7/13/2018,A,0,0,0,0,0
2018,1392-03139,COTE,7-06,Plot 6,A,7/12/2018,,Wing,43,7/23/2018,A,0,0,0,0,0
2018,1392-03139,COTE,7-06,Plot 6,A,7/12/2018,,Weight,37,7/23/2018,A,0,0,0,0,0
2018,1392-03136,COTE,4-02,Plot 2,A,7/12/2018,1,Wing,18,7/13/2018,A,2,0,2,0,2
2018,1392-03136,COTE,4-02,Plot 2,A,7/12/2018,1,Weight,14,7/13/2018,A,2,0,2,0,2
2018,1392-03135,COTE,4-02,Plot 2,B,7/13/2018,1,Wing,14,7/13/2018,A,2,0,2,0,2
2018,1392-03135,COTE,4-02,Plot 2,B,7/13/2018,1,Weight,11,7/13/2018,A,2,0,2,0,2
2018,1392-03076,COTE,10-02,Plot 2,A,6/30/2018,1,Wing,16,6/30/2018,A,2,0,1,0,2
2018,1392-03076,COTE,10-02,Plot 2,A,6/30/2018,1,Weight,11,6/30/2018,A,2,0,1,0,2
2018,1392-03113,COTE,12-02,Plot 2,A,7/6/2018,1,Wing,16,7/7/2018,A,2,1,1,0,2
2018,1392-03113,COTE,12-02,Plot 2,A,7/6/2018,1,Weight,12,7/7/2018,A,2,1,1,0,2
2018,1392-03113,COTE,12-02,Plot 2,A,7/6/2018,1,Wing,21,7/10/2018,A,2,1,1,0,2
2018,1392-03113,COTE,12-02,Plot 2,A,7/6/2018,1,Weight,18,7/10/2018,A,2,1,1,0,2
2018,1392-03113,COTE,12-02,Plot 2,A,7/6/2018,1,Wing,27,7/13/2018,A,2,1,1,0,2
2018,1392-03113,COTE,12-02,Plot 2,A,7/6/2018,1,Weight,22,7/13/2018,A,2,1,1,0,2
2018,1392-03099,COTE,3N-08,Plot 3N,B,7/1/2018,1,Wing,19,7/3/2018,A,2,0,2,1,1
2018,1392-03099,COTE,3N-08,Plot 3N,B,7/1/2018,1,Weight,18,7/3/2018,A,2,0,2,1,1
2018,1392-03121,COTE,4N-05,Plot 4N,B,7/9/2018,1,Wing,16,7/10/2018,A,2,0,2,1,1
2018,1392-03121,COTE,4N-05,Plot 4N,B,7/9/2018,1,Weight,10,7/10/2018,A,2,0,2,1,1
2018,1332-91692,COTE,4S-02,Plot 4S,B,6/21/2018,,Wing,15,6/21/2018,A,2,0,2,1,1
2018,1332-91692,COTE,4S-02,Plot 4S,B,6/21/2018,,Weight,10,6/21/2018,A,2,0,2,1,1
2018,1332-91692,COTE,4S-02,Plot 4S,B,6/21/2018,,Wing,82,7/13/2018,A,2,0,2,1,1
2018,1332-91692,COTE,4S-02,Plot 4S,B,6/21/2018,,Weight,64,7/13/2018,A,2,0,2,1,1
2018,1332-91695,COTE,2-05,Plot 5,C,6/21/2018,1,Wing,17,6/21/2018,A,3,0,3,0,3
2018,1332-91695,COTE,2-05,Plot 5,C,6/21/2018,1,Weight,13,6/21/2018,A,3,0,3,0,3
2018,1332-91695,COTE,2-05,Plot 5,C,6/21/2018,1,Wing,21,6/23/2018,A,3,0,3,0,3
2018,1332-91695,COTE,2-05,Plot 5,C,6/21/2018,1,Weight,18,6/23/2018,A,3,0,3,0,3
2018,1392-03097,COTE,5-05,Plot 5,B,7/3/2018,1,Wing,15,7/3/2018,A,2,0,2,1,1
2018,1392-03097,COTE,5-05,Plot 5,B,7/3/2018,1,Weight,16,7/3/2018,A,2,0,2,1,1
2018,1392-03097,COTE,5-05,Plot 5,B,7/3/2018,1,Wing,19,7/7/2018,A,2,0,2,1,1
2018,1392-03097,COTE,5-05,Plot 5,B,7/3/2018,1,Weight,13,7/7/2018,A,2,0,2,1,1
2018,1392-03108,COTE,3-08,Plot 8,B,7/6/2018,1,Wing,17,7/7/2018,A,2,0,2,0,2
2018,1392-03108,COTE,3-08,Plot 8,B,7/6/2018,1,Weight,14,7/7/2018,A,2,0,2,0,2
2018,1392-03108,COTE,3-08,Plot 8,B,7/6/2018,1,Wing,17,7/10/2018,A,2,0,2,0,2
2018,1392-03108,COTE,3-08,Plot 8,B,7/6/2018,1,Weight,11,7/10/2018,A,2,0,2,0,2
2018,1392-03109,COTE,3-08,Plot 8,A,7/4/2018,1,Wing,21,7/7/2018,A,2,0,2,0,2
2018,1392-03109,COTE,3-08,Plot 8,A,7/4/2018,1,Weight,17,7/7/2018,A,2,0,2,0,2
2018,1392-03109,COTE,3-08,Plot 8,A,7/4/2018,1,Wing,31,7/13/2018,A,2,0,2,0,2
2018,1392-03109,COTE,3-08,Plot 8,A,7/4/2018,1,Weight,38,7/13/2018,A,2,0,2,0,2
2018,1392-03045,COTE,D-01,Diet area,B,6/23/2018,,Wing,17,6/24/2018,A,2,0,2,1,1
2018,1392-03045,COTE,D-01,Diet area,B,6/23/2018,,Weight,7,6/24/2018,A,2,0,2,1,1
2018,1392-03111,COTE,D-03,Diet area,B,7/6/2018,1,Wing,15,7/7/2018,A,3,1,2,0,3
2018,1392-03111,COTE,D-03,Diet area,B,7/6/2018,1,Weight,14,7/7/2018,A,3,1,2,0,3
2018,1392-03112,COTE,D-03,Diet area,A,7/5/2018,1,Wing,17,7/7/2018,A,3,1,2,0,3
2018,1392-03112,COTE,D-03,Diet area,A,7/5/2018,1,Weight,19,7/7/2018,A,3,1,2,0,3
2018,1392-03112,COTE,D-03,Diet area,A,7/5/2018,1,Wing,25,7/13/2018,A,3,1,2,0,3
2018,1392-03112,COTE,D-03,Diet area,A,7/5/2018,1,Weight,27,7/13/2018,A,3,1,2,0,3
2018,1392-03110,COTE,D-04,Diet area,A,7/6/2018,1,Wing,16,7/7/2018,A,2,0,1,0,2
2018,1392-03110,COTE,D-04,Diet area,A,7/6/2018,1,Weight,15,7/7/2018,A,2,0,1,0,2
2018,1392-03110,COTE,D-04,Diet area,A,7/6/2018,1,Wing,27,7/13/2018,A,2,0,1,0,2
2018,1392-03110,COTE,D-04,Diet area,A,7/6/2018,1,Weight,19,7/13/2018,A,2,0,1,0,2
2018,1392-03138,COTE,D-06,Diet Area,B,7/11/2018,1,Wing,16,7/13/2018,A,2,0,2,0,2
2018,1392-03138,COTE,D-06,Diet Area,B,7/11/2018,1,Weight,13,7/13/2018,A,2,0,2,0,2
2018,1392-03141,ROST,R-58,Rost Area 2/3,A,7/16/2018,2,Wing,23,7/21/2018,B,1,0,1,1,0
2018,1392-03141,ROST,R-58,Rost Area 2/3,A,7/16/2018,2,Weight,30,7/21/2018,B,1,0,1,1,0
2018,1392-03144,ROST,R-57,Rost area 9,A,7/15/2018,2,Wing,29,7/21/2018,B,1,0,1,1,0
2018,1392-03144,ROST,R-57,Rost area 9,A,7/15/2018,2,Weight,31,7/21/2018,B,1,0,1,1,0
2018,1392-03159,ROST,R-62,ROST Area 6,A,7/20/2018,2,Wing,17,7/21/2018,B,1,0,1,1,0
2018,1392-03159,ROST,R-62,ROST Area 6,A,7/20/2018,2,Weight,17,7/21/2018,B,1,0,1,1,0
2018,1392-03160,COTE,D-07,Diet Area,,7/16/2018,,Wing,28,7/21/2018,B,1,0,1,0,1
2018,1392-03160,COTE,D-07,Diet Area,,7/16/2018,,Weight,34,7/21/2018,B,1,0,1,0,1
2018,1392-03137,COTE,3N-13,Plot 3N,A,7/12/2018,1,Wing,17,7/13/2018,,1,0,1,0,1
2018,1392-03137,COTE,3N-13,Plot 3N,A,7/12/2018,1,Weight,13,7/13/2018,,1,0,1,0,1
